,Groups,Folds,Names,A,C,D,E,F,G,H,I,K,L,M,N,P,Q,R,S,T,V,W,Y
0,1,Fold1,>P23453,14.0,2.0,18.0,34.0,11.0,16.0,8.0,31.0,19.0,29.0,13.0,15.0,15.0,14.0,14.0,24.0,20.0,27.0,2.0,6.0
1,1,Fold1,>P07373,23.0,3.0,9.0,6.0,31.0,39.0,1.0,38.0,11.0,51.0,16.0,6.0,14.0,10.0,14.0,27.0,18.0,31.0,7.0,11.0
2,1,Fold1,>P12921,15.0,1.0,11.0,11.0,9.0,10.0,6.0,17.0,9.0,20.0,6.0,8.0,9.0,8.0,18.0,12.0,10.0,8.0,3.0,6.0
3,1,Fold1,>P19579,31.0,0.0,27.0,24.0,13.0,23.0,14.0,21.0,49.0,31.0,9.0,24.0,14.0,17.0,15.0,16.0,25.0,40.0,4.0,14.0
4,1,Fold1,>A2RMA8,41.0,0.0,11.0,12.0,36.0,43.0,6.0,54.0,17.0,64.0,18.0,20.0,21.0,14.0,18.0,33.0,29.0,34.0,10.0,16.0
5,1,Fold1,>A6QIG2,31.0,0.0,37.0,12.0,14.0,26.0,8.0,49.0,91.0,47.0,1.0,53.0,11.0,18.0,14.0,53.0,45.0,41.0,1.0,32.0
6,1,Fold1,>P35594,45.0,4.0,59.0,57.0,25.0,60.0,12.0,62.0,61.0,63.0,18.0,40.0,32.0,35.0,39.0,38.0,39.0,44.0,0.0,19.0
7,1,Fold1,>P0A3G5,31.0,0.0,19.0,32.0,16.0,23.0,2.0,33.0,42.0,49.0,5.0,32.0,16.0,47.0,6.0,48.0,35.0,21.0,0.0,17.0
8,1,Fold1,>P39755,44.0,3.0,7.0,10.0,31.0,45.0,15.0,42.0,8.0,86.0,15.0,6.0,14.0,16.0,22.0,46.0,25.0,41.0,17.0,12.0
9,1,Fold1,>P33379,54.0,1.0,35.0,73.0,25.0,23.0,4.0,34.0,58.0,46.0,12.0,42.0,57.0,16.0,27.0,61.0,44.0,23.0,2.0,2.0
10,1,Fold1,>P0C0N4,9.0,2.0,4.0,5.0,15.0,6.0,9.0,31.0,16.0,29.0,3.0,8.0,7.0,7.0,7.0,8.0,9.0,11.0,0.0,8.0
11,1,Fold1,>Q2FV54,37.0,2.0,29.0,24.0,41.0,34.0,11.0,65.0,56.0,70.0,9.0,16.0,21.0,22.0,21.0,34.0,29.0,43.0,9.0,30.0
12,1,Fold1,>P0A4D8,40.0,0.0,33.0,45.0,23.0,45.0,5.0,34.0,49.0,46.0,10.0,17.0,20.0,22.0,46.0,22.0,28.0,30.0,0.0,9.0
13,1,Fold1,>P35865,54.0,3.0,12.0,11.0,29.0,49.0,7.0,38.0,6.0,58.0,13.0,9.0,16.0,16.0,21.0,46.0,25.0,59.0,12.0,17.0
14,1,Fold1,>Q9CD58,80.0,3.0,51.0,49.0,27.0,80.0,15.0,36.0,36.0,60.0,17.0,19.0,68.0,34.0,49.0,39.0,42.0,53.0,8.0,21.0
15,1,Fold1,>P46922,31.0,1.0,18.0,18.0,3.0,21.0,4.0,22.0,34.0,20.0,12.0,11.0,9.0,9.0,3.0,22.0,19.0,16.0,8.0,12.0
16,1,Fold1,>P46105,85.0,3.0,21.0,22.0,27.0,71.0,4.0,23.0,9.0,83.0,15.0,4.0,30.0,17.0,33.0,28.0,33.0,57.0,9.0,4.0
17,1,Fold1,>O31652,34.0,2.0,10.0,5.0,26.0,22.0,4.0,27.0,18.0,30.0,20.0,7.0,14.0,2.0,11.0,20.0,24.0,22.0,7.0,15.0
18,1,Fold1,>Q07833,167.0,0.0,172.0,129.0,65.0,199.0,34.0,93.0,232.0,127.0,20.0,172.0,72.0,72.0,52.0,189.0,217.0,134.0,36.0,152.0
19,1,Fold1,>P33251,18.0,0.0,4.0,10.0,24.0,17.0,2.0,29.0,16.0,43.0,10.0,10.0,14.0,11.0,6.0,23.0,21.0,23.0,5.0,11.0
20,1,Fold1,>O06493,54.0,0.0,17.0,10.0,31.0,45.0,7.0,53.0,22.0,64.0,21.0,6.0,15.0,4.0,16.0,38.0,27.0,35.0,9.0,18.0
21,1,Fold1,>O34894,45.0,1.0,28.0,87.0,13.0,20.0,15.0,43.0,51.0,66.0,9.0,19.0,8.0,28.0,26.0,34.0,17.0,28.0,4.0,20.0
22,1,Fold1,>P53663,39.0,0.0,41.0,26.0,14.0,13.0,1.0,10.0,13.0,15.0,10.0,35.0,40.0,41.0,18.0,18.0,25.0,17.0,2.0,45.0
23,1,Fold1,>P35165,7.0,2.0,15.0,16.0,8.0,6.0,6.0,11.0,11.0,21.0,5.0,3.0,1.0,17.0,17.0,11.0,14.0,13.0,3.0,7.0
24,1,Fold1,>Q08429,10.0,1.0,6.0,11.0,5.0,8.0,8.0,5.0,10.0,9.0,3.0,4.0,8.0,5.0,6.0,5.0,8.0,8.0,1.0,7.0
25,1,Fold1,>P12667,13.0,2.0,14.0,12.0,4.0,12.0,3.0,12.0,11.0,6.0,4.0,2.0,6.0,4.0,7.0,9.0,11.0,8.0,2.0,5.0
26,1,Fold1,>P13485,27.0,4.0,37.0,64.0,45.0,31.0,11.0,50.0,78.0,68.0,21.0,40.0,33.0,20.0,41.0,47.0,40.0,37.0,7.0,45.0
27,1,Fold1,>P33116,23.0,1.0,22.0,45.0,37.0,30.0,13.0,67.0,58.0,73.0,19.0,26.0,14.0,27.0,15.0,50.0,25.0,32.0,7.0,30.0
28,1,Fold1,>Q07428,4.0,1.0,2.0,12.0,4.0,11.0,2.0,9.0,11.0,8.0,2.0,5.0,4.0,4.0,5.0,7.0,9.0,13.0,0.0,3.0
29,1,Fold1,>Q5HKQ0,23.0,5.0,21.0,21.0,29.0,20.0,5.0,45.0,31.0,37.0,9.0,18.0,12.0,11.0,13.0,31.0,21.0,25.0,11.0,24.0
30,1,Fold1,>P33113,29.0,4.0,18.0,39.0,16.0,23.0,11.0,44.0,44.0,55.0,11.0,28.0,10.0,14.0,15.0,22.0,31.0,21.0,2.0,22.0
31,1,Fold1,>P42177,12.0,2.0,6.0,6.0,14.0,20.0,8.0,19.0,11.0,30.0,8.0,1.0,9.0,3.0,12.0,16.0,12.0,17.0,6.0,11.0
32,1,Fold1,>P34956,41.0,4.0,15.0,20.0,66.0,56.0,14.0,59.0,24.0,59.0,38.0,26.0,27.0,9.0,17.0,41.0,41.0,42.0,22.0,28.0
33,1,Fold1,>P0A4Y0,67.0,3.0,26.0,20.0,20.0,35.0,7.0,18.0,10.0,39.0,9.0,7.0,23.0,11.0,31.0,19.0,27.0,55.0,7.0,9.0
34,1,Fold1,>P37948,41.0,5.0,12.0,13.0,41.0,39.0,5.0,43.0,18.0,42.0,15.0,19.0,21.0,8.0,17.0,24.0,18.0,30.0,13.0,20.0
35,1,Fold1,>Q79VE9,47.0,1.0,21.0,22.0,29.0,51.0,17.0,49.0,11.0,62.0,21.0,22.0,28.0,13.0,27.0,20.0,24.0,43.0,11.0,20.0
36,1,Fold1,>P39843,38.0,2.0,8.0,10.0,40.0,35.0,8.0,47.0,20.0,45.0,16.0,11.0,11.0,7.0,10.0,33.0,21.0,28.0,2.0,8.0
37,1,Fold1,>P20166,63.0,2.0,26.0,39.0,48.0,71.0,11.0,62.0,32.0,72.0,22.0,26.0,38.0,27.0,21.0,33.0,31.0,58.0,4.0,13.0
38,1,Fold1,>P14677,59.0,0.0,40.0,46.0,29.0,58.0,6.0,44.0,51.0,53.0,23.0,40.0,30.0,38.0,27.0,56.0,66.0,52.0,6.0,26.0
39,1,Fold1,>P22094,33.0,0.0,7.0,5.0,17.0,31.0,4.0,19.0,11.0,33.0,11.0,14.0,12.0,10.0,4.0,19.0,16.0,25.0,9.0,9.0
40,1,Fold1,>P25051,34.0,9.0,17.0,26.0,11.0,27.0,6.0,28.0,24.0,25.0,7.0,15.0,13.0,9.0,14.0,25.0,9.0,29.0,3.0,12.0
41,1,Fold1,>P26829,44.0,5.0,32.0,42.0,16.0,47.0,9.0,35.0,28.0,46.0,13.0,25.0,20.0,18.0,17.0,37.0,25.0,47.0,2.0,11.0
42,1,Fold1,>P0A4N3,25.0,1.0,8.0,4.0,25.0,19.0,2.0,24.0,13.0,41.0,12.0,16.0,8.0,8.0,8.0,15.0,16.0,17.0,5.0,13.0
43,1,Fold1,>P0A5I8,30.0,2.0,14.0,5.0,5.0,20.0,3.0,11.0,12.0,19.0,3.0,12.0,17.0,13.0,8.0,16.0,21.0,20.0,3.0,2.0
44,1,Fold1,>Q9ZEP5,30.0,3.0,20.0,13.0,3.0,23.0,2.0,3.0,11.0,7.0,1.0,5.0,18.0,3.0,14.0,16.0,15.0,27.0,1.0,10.0
45,1,Fold1,>P0C0H0,24.0,6.0,19.0,18.0,23.0,17.0,7.0,40.0,23.0,55.0,6.0,23.0,14.0,13.0,20.0,28.0,25.0,32.0,4.0,22.0
46,1,Fold1,>O07002,46.0,4.0,10.0,7.0,37.0,46.0,6.0,63.0,21.0,61.0,10.0,17.0,24.0,12.0,10.0,45.0,26.0,35.0,17.0,23.0
47,1,Fold1,>Q05523,36.0,3.0,23.0,30.0,15.0,33.0,3.0,15.0,51.0,47.0,18.0,21.0,14.0,10.0,19.0,19.0,31.0,35.0,8.0,21.0
48,1,Fold1,>P54178,10.0,4.0,15.0,12.0,13.0,12.0,2.0,13.0,20.0,17.0,3.0,10.0,10.0,9.0,1.0,13.0,9.0,12.0,2.0,6.0
49,1,Fold1,>P68782,18.0,1.0,6.0,7.0,31.0,29.0,7.0,44.0,13.0,41.0,11.0,11.0,10.0,9.0,3.0,20.0,20.0,30.0,5.0,5.0
50,1,Fold1,>P40411,41.0,5.0,10.0,10.0,24.0,32.0,5.0,42.0,14.0,49.0,12.0,9.0,18.0,14.0,24.0,35.0,12.0,23.0,7.0,8.0
51,1,Fold1,>P24011,26.0,5.0,18.0,26.0,17.0,19.0,4.0,16.0,37.0,38.0,8.0,16.0,16.0,6.0,12.0,21.0,22.0,31.0,7.0,11.0
52,1,Fold1,>O30417,42.0,1.0,6.0,18.0,44.0,43.0,15.0,52.0,24.0,63.0,11.0,17.0,21.0,15.0,8.0,27.0,27.0,46.0,8.0,15.0
53,1,Fold1,>P0A3S3,24.0,0.0,10.0,12.0,3.0,20.0,3.0,7.0,25.0,26.0,2.0,20.0,11.0,17.0,9.0,26.0,22.0,20.0,4.0,13.0
54,1,Fold1,>O52351,29.0,0.0,13.0,17.0,29.0,36.0,5.0,64.0,22.0,65.0,10.0,29.0,25.0,19.0,22.0,38.0,26.0,32.0,2.0,15.0
55,1,Fold1,>O66043,26.0,0.0,23.0,25.0,35.0,32.0,20.0,39.0,33.0,56.0,12.0,20.0,14.0,16.0,27.0,39.0,22.0,35.0,7.0,22.0
56,1,Fold1,>P65563,19.0,1.0,3.0,4.0,9.0,9.0,0.0,10.0,2.0,11.0,4.0,2.0,6.0,2.0,6.0,9.0,6.0,14.0,3.0,8.0
57,1,Fold1,>P0A609,31.0,3.0,11.0,6.0,7.0,33.0,11.0,8.0,7.0,17.0,3.0,7.0,19.0,5.0,4.0,21.0,28.0,15.0,1.0,3.0
58,1,Fold1,>P43439,53.0,2.0,25.0,57.0,39.0,37.0,12.0,56.0,48.0,81.0,19.0,23.0,23.0,31.0,19.0,35.0,29.0,39.0,10.0,26.0
59,1,Fold1,>Q93QY7,47.0,5.0,31.0,28.0,63.0,43.0,17.0,91.0,48.0,113.0,20.0,36.0,20.0,13.0,33.0,63.0,41.0,61.0,14.0,54.0
60,1,Fold1,>P35166,30.0,1.0,22.0,30.0,15.0,11.0,6.0,31.0,36.0,24.0,7.0,10.0,20.0,24.0,9.0,33.0,26.0,20.0,3.0,10.0
61,1,Fold1,>Q45479,11.0,1.0,6.0,3.0,7.0,13.0,2.0,21.0,7.0,18.0,7.0,6.0,2.0,9.0,5.0,5.0,6.0,13.0,3.0,9.0
62,1,Fold1,>Q99027,29.0,4.0,38.0,44.0,63.0,35.0,18.0,77.0,52.0,105.0,21.0,33.0,19.0,30.0,32.0,54.0,33.0,46.0,4.0,32.0
63,1,Fold1,>P12669,10.0,1.0,9.0,9.0,7.0,4.0,4.0,10.0,9.0,7.0,4.0,4.0,6.0,5.0,3.0,13.0,10.0,9.0,3.0,5.0
64,1,Fold1,>P82599,16.0,2.0,6.0,9.0,0.0,16.0,1.0,6.0,5.0,4.0,1.0,4.0,2.0,3.0,0.0,5.0,6.0,4.0,1.0,1.0
65,1,Fold1,>Q8GFE2,56.0,1.0,22.0,18.0,15.0,16.0,3.0,15.0,31.0,19.0,9.0,11.0,15.0,10.0,5.0,15.0,26.0,22.0,6.0,12.0
66,1,Fold1,>P37105,33.0,0.0,26.0,37.0,13.0,33.0,6.0,23.0,48.0,46.0,26.0,14.0,15.0,25.0,20.0,19.0,22.0,37.0,0.0,3.0
67,1,Fold1,>Q01467,13.0,2.0,7.0,4.0,24.0,7.0,4.0,14.0,7.0,28.0,10.0,5.0,5.0,3.0,5.0,7.0,6.0,15.0,0.0,6.0
68,1,Fold1,>P39774,50.0,16.0,58.0,87.0,58.0,36.0,27.0,72.0,68.0,109.0,27.0,61.0,34.0,42.0,58.0,77.0,52.0,39.0,9.0,50.0
69,1,Fold1,>P0A670,41.0,3.0,14.0,1.0,3.0,16.0,3.0,10.0,7.0,19.0,7.0,11.0,17.0,10.0,3.0,15.0,21.0,15.0,0.0,4.0
70,1,Fold1,>Q08430,28.0,5.0,12.0,22.0,24.0,20.0,12.0,45.0,26.0,59.0,13.0,16.0,17.0,15.0,6.0,39.0,23.0,28.0,3.0,16.0
71,1,Fold1,>Q04664,14.0,4.0,27.0,16.0,35.0,21.0,5.0,49.0,36.0,47.0,10.0,23.0,9.0,13.0,22.0,34.0,27.0,27.0,4.0,26.0
72,1,Fold1,>P14319,4.0,1.0,0.0,3.0,8.0,8.0,2.0,20.0,4.0,12.0,2.0,3.0,3.0,2.0,0.0,12.0,9.0,9.0,1.0,4.0
73,1,Fold1,>P0A4G4,26.0,2.0,21.0,24.0,10.0,19.0,3.0,27.0,41.0,23.0,6.0,14.0,12.0,5.0,3.0,26.0,14.0,17.0,4.0,13.0
74,1,Fold1,>P36497,52.0,5.0,30.0,30.0,32.0,34.0,24.0,71.0,43.0,94.0,14.0,37.0,20.0,40.0,22.0,45.0,52.0,44.0,7.0,28.0
75,1,Fold1,>P54544,23.0,2.0,4.0,9.0,17.0,14.0,6.0,23.0,21.0,34.0,15.0,9.0,13.0,19.0,3.0,20.0,11.0,20.0,2.0,10.0
76,1,Fold1,>Q8NNK5,38.0,4.0,14.0,15.0,7.0,33.0,3.0,14.0,13.0,24.0,7.0,11.0,12.0,12.0,16.0,17.0,14.0,18.0,2.0,9.0
77,1,Fold1,>P30345,13.0,4.0,5.0,0.0,0.0,13.0,1.0,2.0,1.0,19.0,1.0,1.0,10.0,3.0,9.0,2.0,6.0,7.0,3.0,0.0
78,1,Fold1,>P45829,27.0,2.0,6.0,10.0,19.0,16.0,8.0,27.0,4.0,27.0,7.0,8.0,10.0,7.0,6.0,13.0,20.0,23.0,6.0,5.0
79,1,Fold1,>Q8NNK2,36.0,3.0,20.0,26.0,20.0,31.0,5.0,19.0,14.0,24.0,10.0,16.0,20.0,15.0,15.0,19.0,20.0,27.0,10.0,9.0
80,1,Fold1,>P42175,88.0,7.0,70.0,83.0,48.0,87.0,33.0,70.0,77.0,88.0,31.0,61.0,72.0,44.0,59.0,85.0,71.0,69.0,37.0,48.0
81,1,Fold1,>P46339,26.0,1.0,5.0,10.0,15.0,24.0,2.0,28.0,8.0,39.0,13.0,12.0,16.0,7.0,14.0,27.0,24.0,29.0,4.0,5.0
82,1,Fold1,>Q45068,52.0,1.0,11.0,14.0,39.0,49.0,5.0,52.0,20.0,36.0,12.0,19.0,12.0,16.0,11.0,23.0,24.0,45.0,8.0,16.0
83,1,Fold1,>P39215,61.0,0.0,28.0,55.0,18.0,44.0,7.0,56.0,53.0,46.0,20.0,31.0,8.0,42.0,16.0,73.0,44.0,43.0,4.0,13.0
84,1,Fold1,>P45706,15.0,4.0,6.0,3.0,27.0,25.0,4.0,22.0,10.0,36.0,10.0,4.0,10.0,3.0,7.0,14.0,12.0,13.0,3.0,7.0
85,1,Fold1,>P34959,12.0,0.0,3.0,6.0,10.0,12.0,11.0,11.0,3.0,12.0,5.0,5.0,3.0,3.0,0.0,10.0,5.0,7.0,4.0,2.0
86,1,Fold1,>P39141,37.0,1.0,3.0,18.0,33.0,41.0,1.0,43.0,18.0,47.0,13.0,19.0,7.0,10.0,8.0,25.0,13.0,39.0,3.0,14.0
87,1,Fold1,>P42086,42.0,3.0,10.0,10.0,32.0,45.0,2.0,45.0,17.0,47.0,16.0,14.0,14.0,12.0,7.0,29.0,28.0,52.0,1.0,12.0
88,1,Fold1,>A5U127,12.0,0.0,8.0,5.0,8.0,17.0,1.0,13.0,5.0,17.0,1.0,7.0,7.0,6.0,8.0,7.0,13.0,14.0,0.0,2.0
89,1,Fold1,>O34742,25.0,0.0,3.0,6.0,8.0,24.0,2.0,27.0,7.0,31.0,11.0,7.0,6.0,6.0,10.0,11.0,15.0,19.0,2.0,9.0
90,1,Fold1,>Q5HKP9,2.0,1.0,1.0,4.0,9.0,4.0,0.0,15.0,5.0,8.0,5.0,4.0,2.0,4.0,5.0,7.0,7.0,10.0,2.0,6.0
91,1,Fold1,>P31141,86.0,4.0,8.0,3.0,17.0,41.0,2.0,7.0,3.0,63.0,7.0,4.0,23.0,3.0,16.0,16.0,37.0,42.0,7.0,3.0
92,1,Fold1,>Q01464,22.0,3.0,22.0,18.0,4.0,20.0,4.0,26.0,17.0,23.0,10.0,13.0,9.0,10.0,15.0,11.0,11.0,25.0,0.0,5.0
93,1,Fold1,>O07628,8.0,5.0,4.0,14.0,4.0,3.0,2.0,5.0,5.0,14.0,7.0,0.0,3.0,2.0,5.0,3.0,3.0,4.0,1.0,5.0
94,1,Fold1,>Q02113,58.0,2.0,34.0,24.0,18.0,44.0,2.0,53.0,68.0,55.0,7.0,39.0,25.0,22.0,18.0,84.0,63.0,44.0,8.0,37.0
95,1,Fold1,>P50847,43.0,2.0,10.0,8.0,27.0,37.0,2.0,30.0,12.0,37.0,10.0,10.0,16.0,5.0,9.0,19.0,24.0,24.0,2.0,3.0
96,1,Fold1,>P08656,10.0,4.0,3.0,5.0,6.0,12.0,1.0,8.0,9.0,18.0,4.0,8.0,6.0,1.0,7.0,5.0,7.0,8.0,4.0,2.0
97,1,Fold1,>P16449,15.0,1.0,3.0,7.0,29.0,13.0,1.0,13.0,8.0,32.0,8.0,3.0,4.0,6.0,7.0,15.0,6.0,16.0,6.0,5.0
98,1,Fold1,>P35160,8.0,3.0,8.0,11.0,10.0,15.0,3.0,11.0,16.0,14.0,6.0,10.0,8.0,3.0,5.0,10.0,11.0,18.0,2.0,7.0
99,1,Fold1,>P32959,28.0,0.0,26.0,40.0,22.0,35.0,12.0,25.0,24.0,45.0,10.0,18.0,16.0,14.0,20.0,31.0,26.0,24.0,6.0,29.0
100,1,Fold1,>P42432,33.0,10.0,13.0,6.0,32.0,44.0,9.0,28.0,13.0,54.0,12.0,6.0,21.0,13.0,30.0,33.0,18.0,31.0,6.0,9.0
101,1,Fold1,>P54493,56.0,2.0,17.0,44.0,27.0,37.0,11.0,34.0,27.0,60.0,8.0,18.0,12.0,23.0,23.0,34.0,20.0,29.0,7.0,18.0
102,1,Fold1,>P72058,95.0,3.0,25.0,12.0,28.0,54.0,7.0,25.0,10.0,85.0,16.0,5.0,39.0,21.0,45.0,33.0,43.0,55.0,18.0,24.0
103,1,Fold1,>Q9L523,27.0,3.0,40.0,41.0,20.0,28.0,9.0,58.0,44.0,51.0,19.0,34.0,11.0,25.0,28.0,44.0,45.0,37.0,2.0,17.0
104,1,Fold1,>O33654,46.0,7.0,7.0,11.0,31.0,43.0,3.0,55.0,20.0,59.0,15.0,15.0,18.0,9.0,15.0,31.0,37.0,36.0,6.0,10.0
105,1,Fold1,>P46921,29.0,0.0,10.0,5.0,16.0,24.0,0.0,37.0,9.0,31.0,10.0,6.0,14.0,9.0,10.0,12.0,22.0,29.0,5.0,4.0
106,1,Fold1,>P75409,36.0,6.0,36.0,33.0,35.0,30.0,16.0,27.0,25.0,44.0,10.0,31.0,33.0,37.0,30.0,44.0,36.0,40.0,17.0,25.0
107,1,Fold1,>P63713,61.0,6.0,29.0,18.0,16.0,34.0,10.0,18.0,6.0,54.0,10.0,10.0,37.0,19.0,49.0,24.0,37.0,36.0,5.0,10.0
108,1,Fold1,>P37608,14.0,4.0,31.0,26.0,42.0,30.0,10.0,95.0,55.0,75.0,19.0,66.0,15.0,32.0,19.0,60.0,24.0,38.0,4.0,32.0
109,1,Fold1,>Q9X3P3,40.0,11.0,25.0,22.0,37.0,43.0,21.0,66.0,33.0,102.0,11.0,17.0,33.0,34.0,31.0,48.0,42.0,46.0,9.0,27.0
110,1,Fold1,>O69282,46.0,3.0,28.0,39.0,21.0,47.0,8.0,28.0,35.0,42.0,11.0,14.0,28.0,20.0,17.0,30.0,26.0,32.0,10.0,15.0
111,1,Fold1,>Q02251,285.0,23.0,133.0,127.0,57.0,202.0,54.0,71.0,26.0,212.0,39.0,38.0,111.0,74.0,148.0,125.0,141.0,176.0,30.0,39.0
112,1,Fold1,>P26235,27.0,2.0,6.0,16.0,30.0,31.0,5.0,42.0,16.0,64.0,9.0,13.0,10.0,9.0,3.0,35.0,13.0,38.0,3.0,11.0
113,1,Fold1,>P24943,32.0,1.0,10.0,16.0,28.0,40.0,3.0,56.0,26.0,42.0,15.0,13.0,15.0,17.0,4.0,24.0,23.0,42.0,2.0,12.0
114,1,Fold1,>P54104,50.0,5.0,7.0,10.0,39.0,41.0,6.0,39.0,18.0,71.0,16.0,7.0,19.0,7.0,8.0,31.0,29.0,25.0,4.0,14.0
115,1,Fold1,>Q10900,290.0,6.0,102.0,75.0,20.0,138.0,36.0,57.0,14.0,169.0,23.0,24.0,102.0,51.0,123.0,85.0,110.0,172.0,20.0,8.0
116,1,Fold1,>Q79VE8,40.0,5.0,22.0,29.0,12.0,36.0,11.0,23.0,15.0,38.0,12.0,14.0,23.0,11.0,22.0,18.0,27.0,24.0,9.0,17.0
117,1,Fold1,>P22821,16.0,1.0,2.0,2.0,11.0,14.0,3.0,23.0,6.0,24.0,5.0,3.0,9.0,2.0,5.0,9.0,10.0,17.0,0.0,4.0
118,1,Fold1,>P81594,39.0,13.0,24.0,27.0,19.0,38.0,9.0,26.0,32.0,22.0,16.0,16.0,24.0,11.0,19.0,25.0,29.0,29.0,10.0,17.0
119,1,Fold1,>P28611,35.0,0.0,10.0,25.0,13.0,19.0,4.0,22.0,19.0,32.0,9.0,6.0,8.0,10.0,8.0,13.0,12.0,20.0,2.0,3.0
120,1,Fold1,>Q50367,30.0,3.0,27.0,17.0,9.0,30.0,1.0,22.0,34.0,32.0,2.0,27.0,7.0,8.0,2.0,30.0,43.0,25.0,2.0,11.0
121,1,Fold1,>P15363,21.0,1.0,27.0,26.0,31.0,20.0,6.0,26.0,50.0,27.0,3.0,40.0,13.0,13.0,4.0,23.0,28.0,25.0,8.0,11.0
122,1,Fold1,>P23648,18.0,2.0,15.0,18.0,12.0,24.0,4.0,28.0,31.0,29.0,4.0,23.0,14.0,8.0,6.0,30.0,20.0,16.0,3.0,13.0
123,1,Fold1,>P31306,71.0,1.0,53.0,42.0,24.0,36.0,6.0,20.0,69.0,51.0,8.0,35.0,21.0,28.0,12.0,55.0,45.0,43.0,10.0,33.0
124,1,Fold1,>P39128,23.0,1.0,15.0,9.0,28.0,20.0,2.0,28.0,16.0,41.0,13.0,8.0,11.0,8.0,13.0,17.0,18.0,22.0,10.0,15.0
125,1,Fold1,>P0A334,22.0,0.0,4.0,9.0,4.0,14.0,5.0,3.0,2.0,24.0,4.0,1.0,5.0,2.0,17.0,6.0,12.0,16.0,5.0,5.0
126,1,Fold1,>P37386,83.0,6.0,45.0,53.0,34.0,63.0,9.0,74.0,64.0,67.0,19.0,32.0,22.0,23.0,22.0,43.0,46.0,78.0,5.0,16.0
127,1,Fold1,>P30195,17.0,5.0,52.0,75.0,60.0,30.0,17.0,111.0,94.0,101.0,14.0,106.0,28.0,24.0,31.0,78.0,37.0,35.0,10.0,61.0
128,1,Fold1,>P28628,9.0,0.0,16.0,7.0,11.0,13.0,3.0,11.0,19.0,12.0,7.0,14.0,7.0,3.0,10.0,7.0,7.0,19.0,1.0,8.0
129,1,Fold1,>O08362,37.0,7.0,25.0,26.0,17.0,21.0,12.0,20.0,7.0,39.0,9.0,9.0,33.0,16.0,26.0,28.0,26.0,36.0,3.0,3.0
130,1,Fold1,>P96710,37.0,5.0,6.0,19.0,30.0,46.0,3.0,56.0,19.0,52.0,20.0,14.0,15.0,9.0,14.0,35.0,26.0,37.0,9.0,12.0
131,1,Fold1,>P49022,70.0,1.0,54.0,44.0,37.0,48.0,10.0,89.0,74.0,89.0,19.0,57.0,27.0,51.0,11.0,76.0,53.0,57.0,10.0,24.0
132,1,Fold1,>P50012,27.0,3.0,7.0,10.0,28.0,21.0,8.0,19.0,10.0,31.0,10.0,7.0,14.0,7.0,7.0,12.0,15.0,28.0,6.0,11.0
133,1,Fold1,>P25959,5.0,1.0,3.0,11.0,6.0,7.0,2.0,9.0,8.0,14.0,2.0,4.0,1.0,9.0,9.0,7.0,8.0,10.0,1.0,7.0
134,1,Fold1,>P28612,17.0,0.0,14.0,29.0,10.0,12.0,5.0,17.0,34.0,23.0,6.0,15.0,10.0,5.0,8.0,21.0,11.0,17.0,2.0,5.0
135,1,Fold1,>P54571,37.0,2.0,16.0,11.0,25.0,48.0,6.0,50.0,19.0,69.0,16.0,13.0,14.0,4.0,8.0,34.0,26.0,46.0,8.0,16.0
136,1,Fold1,>P42237,42.0,5.0,13.0,11.0,36.0,46.0,4.0,37.0,21.0,50.0,11.0,11.0,18.0,12.0,11.0,39.0,24.0,38.0,12.0,14.0
137,1,Fold1,>P24012,16.0,0.0,3.0,9.0,22.0,18.0,6.0,9.0,9.0,27.0,10.0,6.0,5.0,3.0,3.0,12.0,20.0,15.0,5.0,9.0
138,1,Fold1,>P35596,47.0,0.0,48.0,43.0,22.0,46.0,10.0,27.0,36.0,68.0,13.0,31.0,20.0,16.0,31.0,50.0,35.0,45.0,3.0,17.0
139,1,Fold1,>O34360,12.0,2.0,13.0,10.0,8.0,13.0,5.0,12.0,14.0,15.0,4.0,9.0,6.0,7.0,5.0,7.0,5.0,8.0,5.0,7.0
140,1,Fold1,>P21608,49.0,1.0,7.0,10.0,23.0,49.0,9.0,53.0,18.0,57.0,22.0,16.0,12.0,4.0,10.0,27.0,19.0,41.0,1.0,14.0
141,1,Fold1,>P50738,16.0,1.0,6.0,8.0,20.0,17.0,8.0,15.0,9.0,29.0,9.0,5.0,7.0,3.0,6.0,18.0,3.0,21.0,5.0,12.0
142,1,Fold1,>P54582,67.0,1.0,17.0,31.0,37.0,61.0,8.0,50.0,14.0,62.0,16.0,22.0,18.0,15.0,25.0,41.0,37.0,46.0,18.0,9.0
143,1,Fold1,>P29761,53.0,3.0,52.0,44.0,16.0,53.0,10.0,50.0,58.0,53.0,14.0,47.0,26.0,17.0,20.0,53.0,34.0,39.0,14.0,46.0
144,1,Fold1,>Q9ZFB5,14.0,4.0,7.0,10.0,28.0,21.0,10.0,57.0,13.0,51.0,9.0,8.0,16.0,10.0,10.0,23.0,14.0,30.0,7.0,13.0
145,1,Fold1,>P21625,36.0,1.0,10.0,17.0,6.0,12.0,1.0,13.0,29.0,13.0,1.0,13.0,8.0,6.0,2.0,11.0,28.0,30.0,0.0,5.0
146,1,Fold1,>P39603,10.0,0.0,2.0,1.0,9.0,2.0,2.0,10.0,3.0,12.0,5.0,2.0,5.0,0.0,3.0,6.0,3.0,6.0,2.0,4.0
147,1,Fold1,>A6QH29,51.0,0.0,41.0,36.0,6.0,31.0,23.0,18.0,46.0,11.0,5.0,58.0,13.0,45.0,16.0,44.0,24.0,12.0,0.0,6.0
148,1,Fold1,>P33247,57.0,5.0,44.0,41.0,22.0,61.0,10.0,24.0,21.0,57.0,16.0,10.0,41.0,23.0,49.0,24.0,26.0,43.0,25.0,32.0
149,1,Fold1,>P20487,5.0,0.0,5.0,20.0,8.0,2.0,3.0,7.0,22.0,12.0,11.0,9.0,0.0,16.0,4.0,9.0,2.0,6.0,0.0,6.0
150,1,Fold1,>P0A4N1,36.0,0.0,14.0,5.0,35.0,31.0,4.0,57.0,20.0,47.0,14.0,23.0,24.0,13.0,8.0,25.0,29.0,24.0,10.0,16.0
151,1,Fold1,>P25953,25.0,6.0,17.0,24.0,9.0,19.0,13.0,28.0,24.0,38.0,9.0,17.0,10.0,14.0,24.0,20.0,23.0,21.0,1.0,14.0
152,1,Fold1,>P36948,27.0,1.0,6.0,6.0,14.0,41.0,3.0,36.0,12.0,51.0,10.0,11.0,10.0,8.0,11.0,17.0,21.0,29.0,1.0,7.0
153,1,Fold1,>O52866,22.0,2.0,18.0,17.0,15.0,25.0,10.0,18.0,9.0,25.0,7.0,12.0,16.0,6.0,14.0,14.0,15.0,21.0,8.0,12.0
154,1,Fold1,>P39129,26.0,2.0,8.0,8.0,26.0,19.0,5.0,28.0,14.0,37.0,10.0,11.0,15.0,9.0,8.0,14.0,20.0,22.0,4.0,9.0
155,1,Fold1,>P02983,17.0,5.0,4.0,10.0,47.0,40.0,7.0,62.0,22.0,55.0,18.0,21.0,12.0,4.0,7.0,46.0,26.0,38.0,5.0,13.0
156,1,Fold1,>P39694,21.0,0.0,7.0,21.0,4.0,21.0,2.0,19.0,17.0,8.0,3.0,11.0,5.0,13.0,4.0,12.0,15.0,18.0,1.0,3.0
157,1,Fold1,>P50002,36.0,4.0,32.0,30.0,17.0,42.0,9.0,35.0,25.0,40.0,15.0,15.0,22.0,24.0,23.0,19.0,29.0,39.0,1.0,9.0
158,1,Fold1,>Q9ZBM2,43.0,5.0,9.0,6.0,12.0,18.0,8.0,19.0,8.0,36.0,10.0,5.0,19.0,7.0,24.0,17.0,14.0,26.0,8.0,6.0
159,1,Fold1,>P19580,36.0,5.0,23.0,38.0,19.0,27.0,8.0,52.0,26.0,27.0,15.0,23.0,18.0,16.0,31.0,21.0,23.0,33.0,6.0,17.0
160,1,Fold1,>P39793,69.0,0.0,84.0,57.0,30.0,76.0,4.0,34.0,92.0,47.0,14.0,55.0,32.0,44.0,22.0,80.0,74.0,60.0,6.0,34.0
161,1,Fold1,>P12012,49.0,1.0,9.0,12.0,28.0,50.0,5.0,56.0,17.0,64.0,15.0,13.0,16.0,6.0,5.0,28.0,26.0,39.0,4.0,5.0
162,1,Fold1,>P39570,24.0,4.0,5.0,9.0,41.0,27.0,5.0,40.0,19.0,52.0,13.0,8.0,12.0,13.0,9.0,18.0,24.0,25.0,6.0,14.0
163,1,Fold1,>Q04959,40.0,1.0,8.0,3.0,8.0,53.0,1.0,8.0,6.0,22.0,2.0,5.0,35.0,27.0,2.0,22.0,14.0,20.0,2.0,19.0
164,1,Fold1,>P65565,13.0,2.0,3.0,2.0,7.0,5.0,2.0,6.0,2.0,13.0,8.0,6.0,1.0,1.0,5.0,4.0,5.0,12.0,0.0,2.0
165,1,Fold1,>P65561,50.0,0.0,8.0,13.0,28.0,36.0,4.0,23.0,10.0,50.0,14.0,7.0,27.0,10.0,17.0,25.0,26.0,35.0,15.0,12.0
166,1,Fold1,>P42252,21.0,1.0,8.0,10.0,25.0,10.0,4.0,21.0,9.0,39.0,11.0,2.0,11.0,2.0,13.0,13.0,13.0,19.0,3.0,10.0
167,1,Fold1,>P25958,7.0,2.0,7.0,9.0,4.0,10.0,6.0,13.0,7.0,10.0,6.0,3.0,2.0,9.0,4.0,10.0,5.0,8.0,1.0,4.0
168,1,Fold1,>P54559,34.0,4.0,7.0,7.0,32.0,37.0,5.0,35.0,18.0,47.0,19.0,12.0,19.0,12.0,11.0,35.0,23.0,32.0,5.0,16.0
169,1,Fold1,>P95246,40.0,7.0,32.0,13.0,26.0,47.0,13.0,21.0,11.0,44.0,12.0,29.0,58.0,13.0,24.0,26.0,38.0,42.0,11.0,14.0
170,1,Fold1,>P46349,42.0,2.0,6.0,18.0,33.0,37.0,5.0,50.0,19.0,48.0,15.0,14.0,20.0,10.0,12.0,39.0,26.0,49.0,10.0,14.0
171,1,Fold1,>P43440,37.0,3.0,7.0,16.0,33.0,40.0,7.0,46.0,21.0,62.0,20.0,9.0,8.0,7.0,16.0,31.0,38.0,35.0,4.0,11.0
172,1,Fold1,>O34853,16.0,2.0,16.0,19.0,11.0,9.0,5.0,16.0,15.0,31.0,8.0,6.0,5.0,6.0,8.0,12.0,19.0,18.0,5.0,21.0
173,1,Fold1,>P54146,57.0,0.0,17.0,15.0,32.0,62.0,11.0,30.0,9.0,47.0,19.0,13.0,16.0,3.0,13.0,27.0,20.0,38.0,12.0,11.0
174,2,Fold2,>Q02114,59.0,1.0,19.0,11.0,11.0,35.0,3.0,35.0,38.0,37.0,8.0,37.0,17.0,16.0,17.0,54.0,39.0,35.0,0.0,24.0
175,2,Fold2,>P13692,73.0,1.0,23.0,42.0,5.0,25.0,2.0,19.0,34.0,28.0,4.0,33.0,19.0,47.0,13.0,64.0,46.0,25.0,4.0,9.0
176,2,Fold2,>P38536,118.0,1.0,167.0,72.0,66.0,147.0,22.0,139.0,102.0,100.0,30.0,176.0,63.0,58.0,44.0,144.0,147.0,126.0,36.0,103.0
177,2,Fold2,>P09333,109.0,0.0,80.0,55.0,37.0,67.0,4.0,40.0,99.0,52.0,6.0,63.0,43.0,17.0,4.0,55.0,112.0,129.0,3.0,29.0
178,2,Fold2,>P35825,146.0,0.0,84.0,64.0,41.0,71.0,5.0,54.0,112.0,81.0,4.0,76.0,29.0,31.0,22.0,72.0,157.0,133.0,4.0,42.0
179,2,Fold2,>P0C0P9,13.0,1.0,6.0,7.0,4.0,15.0,6.0,8.0,4.0,12.0,7.0,21.0,3.0,9.0,10.0,11.0,11.0,9.0,4.0,13.0
180,2,Fold2,>Q05044,67.0,0.0,24.0,6.0,9.0,43.0,2.0,6.0,38.0,25.0,5.0,21.0,6.0,10.0,8.0,43.0,83.0,35.0,4.0,30.0
181,2,Fold2,>Q59634,101.0,9.0,56.0,32.0,20.0,58.0,22.0,35.0,23.0,54.0,21.0,18.0,41.0,21.0,61.0,71.0,67.0,65.0,23.0,15.0
182,2,Fold2,>Q06852,127.0,1.0,179.0,282.0,50.0,162.0,7.0,154.0,102.0,86.0,34.0,69.0,322.0,27.0,39.0,174.0,292.0,119.0,17.0,70.0
183,2,Fold2,>P35829,65.0,0.0,20.0,8.0,9.0,23.0,3.0,16.0,38.0,16.0,2.0,52.0,9.0,8.0,8.0,35.0,54.0,55.0,0.0,23.0
184,2,Fold2,>P06546,76.0,0.0,135.0,78.0,42.0,71.0,6.0,48.0,115.0,67.0,19.0,57.0,21.0,18.0,31.0,50.0,72.0,105.0,10.0,32.0
185,2,Fold2,>P55111,81.0,7.0,32.0,15.0,18.0,54.0,3.0,31.0,28.0,32.0,7.0,42.0,13.0,23.0,12.0,51.0,43.0,38.0,5.0,13.0
186,2,Fold2,>O32083,23.0,0.0,21.0,19.0,10.0,12.0,5.0,20.0,33.0,23.0,3.0,9.0,7.0,12.0,8.0,26.0,15.0,19.0,5.0,12.0
187,2,Fold2,>Q55242,92.0,2.0,70.0,55.0,19.0,58.0,21.0,35.0,68.0,54.0,13.0,67.0,52.0,23.0,18.0,99.0,92.0,85.0,12.0,34.0
188,2,Fold2,>P0A5B7,10.0,0.0,13.0,13.0,9.0,9.0,2.0,6.0,8.0,10.0,4.0,1.0,9.0,4.0,12.0,9.0,11.0,11.0,0.0,3.0
189,2,Fold2,>P54423,104.0,1.0,55.0,55.0,22.0,65.0,6.0,36.0,114.0,64.0,19.0,46.0,29.0,30.0,18.0,71.0,50.0,70.0,4.0,35.0
190,2,Fold2,>P36921,12.0,0.0,5.0,11.0,3.0,6.0,3.0,8.0,13.0,16.0,2.0,9.0,6.0,12.0,3.0,6.0,4.0,8.0,1.0,7.0
191,2,Fold2,>Q8GFE2,56.0,1.0,22.0,18.0,15.0,16.0,3.0,15.0,31.0,19.0,9.0,11.0,15.0,10.0,5.0,15.0,26.0,22.0,6.0,12.0
192,3,Fold3,>P47437,25.0,10.0,43.0,36.0,52.0,28.0,16.0,81.0,78.0,91.0,11.0,79.0,24.0,40.0,14.0,57.0,47.0,50.0,5.0,19.0
193,3,Fold3,>Q8G7W9,31.0,6.0,36.0,42.0,19.0,37.0,12.0,21.0,26.0,34.0,14.0,18.0,29.0,12.0,37.0,24.0,25.0,38.0,11.0,18.0
194,3,Fold3,>P39802,9.0,1.0,10.0,17.0,1.0,7.0,1.0,20.0,10.0,7.0,3.0,7.0,7.0,7.0,7.0,8.0,9.0,19.0,2.0,4.0
195,3,Fold3,>Q828D2,29.0,2.0,13.0,28.0,4.0,16.0,4.0,10.0,20.0,16.0,8.0,5.0,16.0,9.0,19.0,10.0,9.0,16.0,1.0,6.0
196,3,Fold3,>Q88Z97,60.0,2.0,55.0,45.0,24.0,44.0,15.0,40.0,55.0,68.0,20.0,28.0,31.0,20.0,21.0,29.0,40.0,43.0,12.0,31.0
197,3,Fold3,>P42450,68.0,3.0,53.0,65.0,21.0,55.0,17.0,43.0,37.0,63.0,22.0,39.0,28.0,23.0,46.0,34.0,42.0,51.0,10.0,19.0
198,3,Fold3,>P59934,84.0,18.0,29.0,41.0,13.0,53.0,14.0,52.0,43.0,57.0,19.0,34.0,26.0,13.0,23.0,22.0,32.0,50.0,5.0,8.0
199,3,Fold3,>O53079,44.0,0.0,42.0,21.0,17.0,41.0,6.0,43.0,35.0,32.0,16.0,29.0,22.0,18.0,18.0,33.0,30.0,54.0,1.0,10.0
200,3,Fold3,>Q82K53,136.0,0.0,47.0,73.0,26.0,177.0,7.0,38.0,37.0,58.0,21.0,31.0,102.0,35.0,94.0,39.0,41.0,74.0,0.0,10.0
201,3,Fold3,>Q3AB78,27.0,3.0,9.0,30.0,9.0,15.0,1.0,17.0,22.0,14.0,8.0,8.0,5.0,6.0,15.0,2.0,7.0,17.0,0.0,2.0
202,3,Fold3,>A0JSV8,66.0,2.0,40.0,26.0,16.0,41.0,15.0,14.0,14.0,40.0,11.0,10.0,23.0,17.0,33.0,29.0,27.0,35.0,11.0,17.0
203,3,Fold3,>Q8XMP3,26.0,10.0,38.0,54.0,30.0,29.0,17.0,41.0,42.0,38.0,11.0,35.0,30.0,7.0,33.0,30.0,28.0,26.0,6.0,21.0
204,3,Fold3,>P0A0A5,26.0,2.0,28.0,33.0,31.0,25.0,14.0,23.0,43.0,32.0,7.0,32.0,13.0,10.0,17.0,14.0,15.0,25.0,2.0,28.0
205,3,Fold3,>Q53778,49.0,0.0,35.0,59.0,34.0,24.0,22.0,21.0,34.0,61.0,12.0,34.0,11.0,27.0,20.0,37.0,38.0,37.0,5.0,41.0
206,3,Fold3,>P07515,9.0,0.0,4.0,9.0,2.0,9.0,2.0,6.0,7.0,7.0,4.0,3.0,1.0,3.0,1.0,6.0,6.0,8.0,0.0,1.0
207,3,Fold3,>Q08291,42.0,2.0,19.0,24.0,6.0,24.0,10.0,18.0,17.0,38.0,8.0,6.0,11.0,11.0,18.0,12.0,11.0,12.0,0.0,8.0
208,3,Fold3,>Q2SS99,22.0,6.0,54.0,39.0,34.0,15.0,12.0,83.0,80.0,116.0,5.0,100.0,9.0,35.0,11.0,57.0,44.0,37.0,2.0,33.0
209,3,Fold3,>Q55055,7.0,0.0,15.0,11.0,4.0,7.0,9.0,17.0,14.0,13.0,3.0,5.0,4.0,5.0,3.0,6.0,7.0,16.0,0.0,4.0
210,3,Fold3,>Q8EUR6,31.0,12.0,58.0,78.0,53.0,44.0,14.0,81.0,114.0,91.0,7.0,80.0,17.0,18.0,27.0,65.0,44.0,52.0,8.0,36.0
211,3,Fold3,>Q8G4V2,101.0,2.0,55.0,41.0,17.0,45.0,16.0,27.0,32.0,47.0,17.0,32.0,22.0,17.0,31.0,24.0,20.0,46.0,7.0,21.0
212,3,Fold3,>Q02VB0,61.0,0.0,46.0,57.0,39.0,24.0,10.0,34.0,55.0,59.0,12.0,33.0,25.0,20.0,17.0,42.0,32.0,26.0,13.0,22.0
213,3,Fold3,>P28618,22.0,2.0,13.0,12.0,7.0,14.0,7.0,21.0,10.0,12.0,5.0,5.0,16.0,10.0,13.0,9.0,17.0,12.0,2.0,6.0
214,3,Fold3,>P50589,12.0,0.0,5.0,16.0,4.0,13.0,3.0,10.0,5.0,12.0,3.0,1.0,8.0,3.0,12.0,7.0,7.0,12.0,1.0,3.0
215,3,Fold3,>Q56198,25.0,7.0,22.0,12.0,14.0,38.0,7.0,32.0,21.0,23.0,2.0,24.0,6.0,9.0,5.0,17.0,23.0,27.0,2.0,12.0
216,3,Fold3,>P27623,4.0,1.0,11.0,12.0,5.0,7.0,5.0,12.0,15.0,12.0,2.0,3.0,2.0,6.0,4.0,3.0,7.0,9.0,3.0,6.0
217,3,Fold3,>P59959,36.0,1.0,13.0,12.0,4.0,26.0,2.0,7.0,5.0,27.0,1.0,2.0,7.0,1.0,24.0,11.0,10.0,28.0,2.0,4.0
218,3,Fold3,>O53441,61.0,1.0,27.0,20.0,14.0,42.0,13.0,16.0,13.0,46.0,9.0,12.0,23.0,11.0,28.0,21.0,20.0,39.0,2.0,8.0
219,3,Fold3,>Q8G864,60.0,5.0,26.0,42.0,12.0,42.0,8.0,24.0,20.0,47.0,4.0,10.0,18.0,14.0,29.0,24.0,24.0,37.0,6.0,14.0
220,3,Fold3,>Q6YP15,7.0,1.0,12.0,15.0,10.0,17.0,4.0,14.0,14.0,13.0,12.0,13.0,5.0,6.0,11.0,6.0,8.0,16.0,0.0,6.0
221,3,Fold3,>P81102,25.0,1.0,9.0,15.0,7.0,9.0,4.0,11.0,15.0,21.0,4.0,10.0,6.0,13.0,4.0,16.0,10.0,12.0,3.0,7.0
222,3,Fold3,>O05724,10.0,2.0,13.0,18.0,9.0,11.0,2.0,14.0,11.0,13.0,3.0,6.0,10.0,5.0,8.0,4.0,8.0,9.0,1.0,8.0
223,3,Fold3,>Q46338,33.0,1.0,5.0,16.0,6.0,18.0,4.0,7.0,1.0,24.0,3.0,4.0,13.0,7.0,9.0,15.0,13.0,19.0,4.0,1.0
224,3,Fold3,>Q59280,61.0,6.0,30.0,18.0,12.0,38.0,1.0,16.0,13.0,27.0,12.0,21.0,10.0,12.0,12.0,25.0,33.0,35.0,2.0,4.0
225,3,Fold3,>P77949,13.0,0.0,8.0,13.0,9.0,20.0,4.0,7.0,6.0,13.0,3.0,8.0,12.0,5.0,10.0,6.0,18.0,14.0,2.0,4.0
226,3,Fold3,>O32130,18.0,3.0,25.0,18.0,17.0,38.0,10.0,26.0,24.0,25.0,7.0,13.0,20.0,7.0,18.0,20.0,13.0,16.0,8.0,23.0
227,3,Fold3,>Q6YPH3,32.0,6.0,18.0,45.0,38.0,24.0,10.0,36.0,48.0,56.0,10.0,36.0,19.0,27.0,16.0,19.0,30.0,20.0,4.0,12.0
228,3,Fold3,>Q8DS12,53.0,0.0,20.0,38.0,11.0,23.0,4.0,17.0,34.0,26.0,12.0,18.0,6.0,11.0,8.0,10.0,16.0,32.0,1.0,8.0
229,3,Fold3,>P56968,18.0,7.0,14.0,20.0,7.0,24.0,4.0,15.0,19.0,30.0,13.0,8.0,9.0,8.0,7.0,15.0,15.0,19.0,1.0,9.0
230,3,Fold3,>Q9AGJ6,56.0,8.0,44.0,46.0,27.0,56.0,11.0,26.0,30.0,48.0,16.0,21.0,41.0,12.0,30.0,26.0,38.0,36.0,20.0,13.0
231,3,Fold3,>P26379,12.0,1.0,8.0,15.0,8.0,9.0,5.0,11.0,8.0,18.0,5.0,7.0,5.0,8.0,3.0,9.0,4.0,8.0,0.0,2.0
232,3,Fold3,>O34777,5.0,1.0,7.0,14.0,2.0,7.0,3.0,5.0,15.0,30.0,6.0,4.0,4.0,9.0,5.0,9.0,11.0,3.0,1.0,6.0
233,3,Fold3,>P39071,36.0,3.0,12.0,18.0,7.0,23.0,5.0,18.0,13.0,18.0,8.0,10.0,9.0,5.0,11.0,23.0,14.0,21.0,3.0,4.0
234,3,Fold3,>Q2RKV6,27.0,6.0,18.0,23.0,12.0,23.0,8.0,13.0,7.0,28.0,8.0,13.0,18.0,23.0,19.0,9.0,16.0,21.0,7.0,20.0
235,3,Fold3,>Q2G1N7,9.0,1.0,16.0,18.0,13.0,1.0,11.0,27.0,29.0,27.0,8.0,12.0,4.0,17.0,9.0,13.0,12.0,13.0,0.0,10.0
236,3,Fold3,>P50846,20.0,2.0,7.0,14.0,12.0,19.0,3.0,15.0,11.0,15.0,3.0,3.0,11.0,10.0,6.0,15.0,11.0,16.0,1.0,2.0
237,3,Fold3,>Q7NAT8,14.0,2.0,23.0,18.0,12.0,16.0,8.0,36.0,39.0,39.0,10.0,26.0,9.0,17.0,8.0,23.0,18.0,18.0,1.0,13.0
238,3,Fold3,>P07343,50.0,3.0,24.0,35.0,14.0,29.0,11.0,27.0,34.0,42.0,18.0,30.0,19.0,18.0,14.0,26.0,28.0,29.0,4.0,7.0
239,3,Fold3,>Q9Z4Q7,23.0,3.0,13.0,14.0,7.0,22.0,3.0,18.0,15.0,15.0,10.0,10.0,21.0,7.0,8.0,10.0,13.0,24.0,1.0,4.0
240,3,Fold3,>P26380,13.0,0.0,11.0,9.0,6.0,6.0,4.0,15.0,11.0,12.0,6.0,6.0,5.0,6.0,11.0,14.0,8.0,18.0,1.0,1.0
241,3,Fold3,>P46712,45.0,6.0,27.0,24.0,12.0,47.0,4.0,16.0,16.0,53.0,7.0,7.0,21.0,10.0,21.0,30.0,21.0,42.0,1.0,6.0
242,3,Fold3,>P68575,6.0,0.0,5.0,16.0,4.0,4.0,2.0,7.0,9.0,7.0,3.0,5.0,6.0,2.0,4.0,6.0,5.0,7.0,3.0,3.0
243,3,Fold3,>P20805,33.0,8.0,20.0,25.0,10.0,36.0,6.0,18.0,14.0,19.0,10.0,10.0,28.0,12.0,18.0,16.0,25.0,20.0,12.0,12.0
244,3,Fold3,>Q9EYW6,1.0,1.0,8.0,4.0,4.0,4.0,7.0,15.0,4.0,10.0,2.0,7.0,1.0,10.0,4.0,8.0,9.0,3.0,1.0,6.0
245,3,Fold3,>Q10765,96.0,7.0,95.0,55.0,36.0,73.0,20.0,41.0,29.0,100.0,17.0,25.0,64.0,31.0,82.0,42.0,60.0,94.0,29.0,45.0
246,3,Fold3,>P0A0C1,12.0,7.0,37.0,54.0,21.0,26.0,9.0,52.0,40.0,38.0,10.0,33.0,11.0,8.0,18.0,18.0,25.0,16.0,3.0,41.0
247,3,Fold3,>Q2FZE2,5.0,0.0,8.0,9.0,7.0,5.0,3.0,8.0,12.0,6.0,4.0,4.0,1.0,3.0,4.0,6.0,10.0,6.0,2.0,4.0
248,3,Fold3,>Q46337,133.0,6.0,62.0,62.0,26.0,90.0,20.0,35.0,19.0,82.0,16.0,27.0,36.0,31.0,62.0,54.0,70.0,101.0,14.0,21.0
249,3,Fold3,>P45855,56.0,5.0,22.0,23.0,10.0,46.0,6.0,20.0,21.0,32.0,14.0,13.0,14.0,13.0,20.0,19.0,14.0,36.0,4.0,5.0
250,3,Fold3,>P16400,11.0,1.0,16.0,26.0,20.0,8.0,11.0,21.0,25.0,44.0,6.0,22.0,7.0,9.0,9.0,26.0,8.0,10.0,0.0,11.0
251,3,Fold3,>P56220,21.0,3.0,16.0,17.0,7.0,27.0,3.0,19.0,13.0,16.0,6.0,12.0,9.0,11.0,16.0,15.0,15.0,35.0,3.0,10.0
252,3,Fold3,>Q06539,54.0,6.0,29.0,17.0,7.0,39.0,13.0,14.0,12.0,30.0,6.0,9.0,15.0,9.0,22.0,13.0,18.0,38.0,2.0,11.0
253,3,Fold3,>P06632,40.0,0.0,23.0,19.0,7.0,21.0,11.0,16.0,9.0,22.0,3.0,8.0,16.0,9.0,13.0,10.0,13.0,25.0,6.0,7.0
254,3,Fold3,>Q9S4K9,23.0,2.0,19.0,23.0,18.0,21.0,3.0,29.0,24.0,23.0,9.0,16.0,5.0,10.0,8.0,10.0,15.0,18.0,0.0,12.0
255,3,Fold3,>P47722,13.0,6.0,8.0,21.0,9.0,11.0,2.0,22.0,29.0,15.0,3.0,14.0,3.0,4.0,4.0,18.0,12.0,21.0,0.0,5.0
256,3,Fold3,>P38037,1.0,0.0,4.0,7.0,3.0,5.0,3.0,8.0,14.0,7.0,5.0,5.0,2.0,3.0,3.0,4.0,6.0,6.0,0.0,4.0
257,3,Fold3,>Q9ZN78,45.0,0.0,15.0,23.0,9.0,36.0,6.0,16.0,8.0,14.0,6.0,1.0,10.0,14.0,21.0,20.0,8.0,17.0,4.0,3.0
258,3,Fold3,>P0A4V0,20.0,3.0,29.0,29.0,27.0,19.0,9.0,29.0,27.0,41.0,11.0,23.0,11.0,15.0,16.0,33.0,25.0,21.0,2.0,23.0
259,3,Fold3,>P54322,37.0,5.0,13.0,19.0,8.0,26.0,3.0,24.0,22.0,29.0,10.0,18.0,22.0,8.0,6.0,12.0,13.0,28.0,1.0,7.0
260,3,Fold3,>P11931,61.0,4.0,54.0,84.0,31.0,54.0,25.0,51.0,59.0,76.0,27.0,29.0,46.0,25.0,57.0,30.0,48.0,58.0,27.0,34.0
261,3,Fold3,>P19080,5.0,2.0,7.0,12.0,1.0,5.0,3.0,7.0,9.0,13.0,7.0,2.0,6.0,8.0,7.0,3.0,12.0,15.0,1.0,2.0
262,3,Fold3,>P13267,94.0,15.0,99.0,123.0,61.0,89.0,43.0,106.0,106.0,133.0,36.0,51.0,57.0,56.0,59.0,78.0,79.0,89.0,9.0,54.0
263,3,Fold3,>Q03377,6.0,0.0,11.0,13.0,6.0,8.0,5.0,17.0,10.0,12.0,2.0,9.0,2.0,0.0,6.0,10.0,6.0,3.0,3.0,10.0
264,3,Fold3,>P80734,20.0,2.0,9.0,9.0,5.0,2.0,6.0,7.0,13.0,11.0,2.0,2.0,7.0,6.0,4.0,7.0,5.0,8.0,2.0,4.0
265,3,Fold3,>Q9F0R1,4.0,1.0,6.0,10.0,5.0,0.0,1.0,11.0,18.0,13.0,1.0,9.0,1.0,5.0,4.0,9.0,6.0,5.0,0.0,6.0
266,3,Fold3,>P35155,17.0,1.0,12.0,25.0,7.0,12.0,1.0,14.0,13.0,27.0,3.0,5.0,9.0,6.0,7.0,7.0,12.0,11.0,1.0,7.0
267,3,Fold3,>Q04942,14.0,2.0,22.0,13.0,2.0,15.0,2.0,11.0,4.0,35.0,3.0,2.0,11.0,10.0,28.0,14.0,12.0,21.0,1.0,3.0
268,3,Fold3,>P11959,59.0,4.0,20.0,38.0,14.0,52.0,7.0,42.0,32.0,32.0,7.0,19.0,16.0,12.0,13.0,17.0,28.0,46.0,1.0,11.0
269,3,Fold3,>O86963,52.0,0.0,44.0,53.0,19.0,46.0,11.0,26.0,38.0,57.0,12.0,24.0,22.0,26.0,28.0,29.0,44.0,55.0,3.0,20.0
270,3,Fold3,>Q98R33,13.0,2.0,40.0,31.0,41.0,21.0,11.0,63.0,78.0,42.0,11.0,50.0,12.0,23.0,19.0,40.0,19.0,38.0,7.0,35.0
271,3,Fold3,>O31749,23.0,1.0,14.0,19.0,3.0,20.0,1.0,19.0,16.0,20.0,10.0,10.0,6.0,7.0,13.0,16.0,12.0,22.0,1.0,7.0
272,3,Fold3,>Q8Y960,14.0,2.0,15.0,31.0,8.0,9.0,4.0,19.0,35.0,37.0,7.0,17.0,9.0,26.0,5.0,24.0,14.0,16.0,1.0,13.0
273,3,Fold3,>Q2NJZ2,30.0,11.0,33.0,41.0,48.0,35.0,14.0,80.0,79.0,103.0,9.0,60.0,38.0,56.0,20.0,50.0,63.0,34.0,3.0,21.0
274,3,Fold3,>P28598,68.0,0.0,25.0,60.0,10.0,55.0,1.0,36.0,36.0,41.0,18.0,23.0,13.0,16.0,23.0,19.0,37.0,58.0,1.0,4.0
275,3,Fold3,>A5U654,30.0,0.0,12.0,13.0,5.0,37.0,5.0,19.0,12.0,19.0,2.0,12.0,14.0,7.0,10.0,9.0,26.0,24.0,6.0,3.0
276,3,Fold3,>P96614,40.0,0.0,29.0,35.0,14.0,33.0,7.0,35.0,35.0,36.0,18.0,23.0,21.0,24.0,41.0,25.0,36.0,31.0,0.0,11.0
277,3,Fold3,>P45870,13.0,0.0,9.0,17.0,5.0,5.0,4.0,7.0,18.0,22.0,5.0,4.0,4.0,18.0,11.0,16.0,14.0,9.0,1.0,2.0
278,3,Fold3,>P40859,26.0,3.0,20.0,33.0,22.0,37.0,15.0,23.0,22.0,32.0,8.0,16.0,18.0,8.0,14.0,27.0,22.0,26.0,3.0,15.0
279,3,Fold3,>P32397,35.0,4.0,22.0,30.0,15.0,42.0,13.0,27.0,39.0,47.0,14.0,14.0,21.0,19.0,15.0,35.0,30.0,33.0,3.0,12.0
280,3,Fold3,>P0A3Q0,44.0,2.0,40.0,41.0,29.0,32.0,9.0,26.0,25.0,42.0,15.0,19.0,19.0,16.0,25.0,29.0,24.0,27.0,15.0,26.0
281,3,Fold3,>A5U697,49.0,0.0,9.0,24.0,3.0,13.0,4.0,11.0,13.0,24.0,9.0,9.0,8.0,30.0,16.0,16.0,14.0,13.0,1.0,4.0
282,3,Fold3,>Q2RKH8,69.0,2.0,19.0,21.0,7.0,49.0,4.0,20.0,11.0,44.0,9.0,7.0,31.0,11.0,32.0,17.0,26.0,41.0,1.0,3.0
283,3,Fold3,>O34767,26.0,1.0,22.0,19.0,17.0,33.0,11.0,25.0,12.0,30.0,12.0,23.0,29.0,19.0,18.0,27.0,20.0,27.0,9.0,12.0
284,3,Fold3,>P0A672,17.0,1.0,12.0,24.0,1.0,18.0,8.0,9.0,6.0,25.0,6.0,7.0,15.0,4.0,19.0,6.0,17.0,31.0,2.0,2.0
285,3,Fold3,>O68575,12.0,5.0,17.0,19.0,11.0,19.0,8.0,15.0,23.0,24.0,8.0,9.0,12.0,6.0,14.0,7.0,22.0,18.0,4.0,10.0
286,3,Fold3,>P55179,28.0,1.0,27.0,37.0,16.0,33.0,9.0,34.0,28.0,28.0,14.0,24.0,19.0,16.0,10.0,17.0,30.0,23.0,0.0,16.0
287,3,Fold3,>Q8EWP5,10.0,1.0,10.0,18.0,7.0,11.0,1.0,16.0,20.0,15.0,5.0,12.0,3.0,6.0,6.0,10.0,11.0,19.0,1.0,6.0
288,3,Fold3,>P46807,43.0,3.0,24.0,18.0,13.0,38.0,12.0,15.0,9.0,41.0,11.0,10.0,20.0,12.0,22.0,26.0,26.0,34.0,2.0,9.0
289,3,Fold3,>Q83GH3,27.0,8.0,34.0,22.0,21.0,34.0,18.0,24.0,25.0,46.0,10.0,13.0,19.0,20.0,29.0,27.0,26.0,22.0,7.0,18.0
290,3,Fold3,>Q08788,17.0,3.0,14.0,19.0,20.0,15.0,10.0,17.0,12.0,25.0,7.0,5.0,15.0,18.0,10.0,14.0,7.0,8.0,2.0,4.0
291,3,Fold3,>Q9X895,64.0,4.0,42.0,39.0,15.0,47.0,17.0,22.0,25.0,50.0,10.0,7.0,44.0,20.0,39.0,38.0,29.0,39.0,11.0,18.0
292,3,Fold3,>P0A2X4,25.0,0.0,19.0,22.0,10.0,15.0,5.0,17.0,17.0,24.0,4.0,13.0,12.0,8.0,15.0,17.0,24.0,12.0,7.0,9.0
293,3,Fold3,>Q9KWG2,47.0,4.0,30.0,13.0,10.0,30.0,9.0,24.0,6.0,36.0,6.0,14.0,12.0,16.0,27.0,23.0,26.0,23.0,4.0,3.0
294,3,Fold3,>O32271,45.0,6.0,25.0,29.0,14.0,36.0,8.0,42.0,35.0,38.0,10.0,17.0,21.0,11.0,15.0,28.0,25.0,40.0,1.0,15.0
295,3,Fold3,>Q83FF5,17.0,9.0,24.0,26.0,20.0,32.0,11.0,38.0,23.0,53.0,5.0,13.0,26.0,14.0,31.0,25.0,19.0,27.0,2.0,11.0
296,3,Fold3,>Q5FIJ4,9.0,0.0,17.0,11.0,5.0,17.0,3.0,11.0,19.0,11.0,10.0,10.0,8.0,9.0,4.0,7.0,15.0,19.0,0.0,6.0
297,3,Fold3,>P38645,57.0,2.0,37.0,20.0,13.0,55.0,19.0,16.0,3.0,48.0,6.0,9.0,26.0,6.0,54.0,16.0,21.0,33.0,12.0,20.0
298,3,Fold3,>O53078,35.0,0.0,19.0,24.0,9.0,19.0,6.0,21.0,15.0,22.0,16.0,20.0,9.0,9.0,16.0,13.0,14.0,25.0,0.0,10.0
299,3,Fold3,>P00512,26.0,3.0,20.0,20.0,7.0,46.0,12.0,30.0,18.0,22.0,5.0,8.0,7.0,9.0,19.0,12.0,19.0,26.0,1.0,9.0
300,3,Fold3,>Q47N75,41.0,5.0,21.0,39.0,17.0,31.0,12.0,13.0,5.0,28.0,14.0,7.0,24.0,6.0,33.0,13.0,20.0,34.0,3.0,6.0
301,3,Fold3,>P81101,18.0,0.0,14.0,20.0,0.0,6.0,0.0,12.0,21.0,16.0,5.0,7.0,6.0,5.0,11.0,8.0,14.0,16.0,0.0,6.0
302,3,Fold3,>P32081,5.0,0.0,2.0,10.0,7.0,9.0,1.0,3.0,5.0,2.0,1.0,3.0,1.0,4.0,1.0,3.0,2.0,7.0,1.0,0.0
303,3,Fold3,>Q7TWW7,46.0,3.0,36.0,37.0,14.0,45.0,13.0,29.0,30.0,42.0,15.0,21.0,20.0,12.0,21.0,18.0,34.0,38.0,9.0,12.0
304,3,Fold3,>O50515,20.0,0.0,2.0,11.0,1.0,10.0,1.0,3.0,2.0,10.0,2.0,2.0,4.0,1.0,5.0,4.0,4.0,10.0,1.0,0.0
305,3,Fold3,>Q4A6A2,38.0,4.0,46.0,59.0,59.0,23.0,8.0,38.0,87.0,92.0,7.0,62.0,17.0,19.0,9.0,58.0,28.0,41.0,1.0,30.0
306,3,Fold3,>Q10744,27.0,3.0,42.0,26.0,27.0,25.0,9.0,24.0,41.0,35.0,13.0,33.0,18.0,17.0,15.0,26.0,18.0,28.0,9.0,13.0
307,3,Fold3,>Q8G4D8,90.0,3.0,74.0,71.0,32.0,81.0,26.0,39.0,52.0,72.0,27.0,46.0,61.0,24.0,48.0,45.0,56.0,71.0,26.0,43.0
308,3,Fold3,>Q4JVH7,47.0,2.0,29.0,28.0,10.0,40.0,12.0,21.0,14.0,35.0,7.0,5.0,17.0,18.0,25.0,21.0,28.0,38.0,3.0,11.0
309,3,Fold3,>P46713,36.0,3.0,26.0,12.0,9.0,28.0,8.0,22.0,19.0,32.0,3.0,15.0,13.0,10.0,12.0,23.0,20.0,37.0,3.0,8.0
310,3,Fold3,>P39804,5.0,0.0,4.0,17.0,9.0,4.0,1.0,4.0,11.0,6.0,3.0,5.0,3.0,12.0,4.0,8.0,6.0,11.0,1.0,5.0
311,3,Fold3,>Q59112,19.0,4.0,16.0,15.0,9.0,26.0,6.0,21.0,15.0,15.0,8.0,12.0,17.0,8.0,12.0,12.0,16.0,22.0,2.0,11.0
312,3,Fold3,>Q8RP81,49.0,2.0,29.0,41.0,15.0,48.0,4.0,33.0,23.0,29.0,10.0,18.0,11.0,11.0,20.0,19.0,26.0,29.0,3.0,18.0
313,3,Fold3,>Q9Z4P6,59.0,7.0,30.0,68.0,13.0,53.0,10.0,49.0,42.0,46.0,20.0,31.0,36.0,18.0,17.0,26.0,32.0,62.0,2.0,9.0
314,3,Fold3,>P0A5T0,13.0,1.0,17.0,9.0,5.0,14.0,3.0,13.0,4.0,24.0,2.0,5.0,8.0,8.0,14.0,18.0,14.0,20.0,1.0,9.0
315,3,Fold3,>Q9AGY7,18.0,4.0,8.0,14.0,7.0,18.0,5.0,23.0,12.0,16.0,5.0,10.0,4.0,7.0,7.0,15.0,9.0,10.0,0.0,6.0
316,3,Fold3,>Q59118,65.0,5.0,50.0,45.0,23.0,66.0,33.0,26.0,10.0,65.0,9.0,23.0,50.0,19.0,46.0,33.0,36.0,47.0,13.0,20.0
317,3,Fold3,>P42014,79.0,2.0,31.0,55.0,18.0,34.0,9.0,43.0,33.0,60.0,20.0,16.0,21.0,19.0,30.0,21.0,29.0,41.0,2.0,15.0
318,3,Fold3,>Q03VA1,28.0,0.0,25.0,38.0,8.0,22.0,6.0,21.0,22.0,29.0,13.0,17.0,10.0,21.0,22.0,18.0,19.0,23.0,1.0,13.0
319,3,Fold3,>P19368,16.0,1.0,19.0,18.0,16.0,17.0,4.0,22.0,22.0,23.0,7.0,18.0,11.0,17.0,10.0,8.0,14.0,15.0,6.0,15.0
320,3,Fold3,>O32242,4.0,0.0,8.0,2.0,4.0,5.0,4.0,10.0,7.0,9.0,3.0,9.0,2.0,3.0,3.0,7.0,4.0,3.0,1.0,2.0
321,3,Fold3,>Q1AU26,67.0,0.0,44.0,73.0,19.0,59.0,15.0,46.0,29.0,49.0,22.0,14.0,35.0,29.0,57.0,26.0,40.0,67.0,4.0,20.0
322,3,Fold3,>P46831,74.0,7.0,36.0,42.0,24.0,48.0,10.0,29.0,21.0,53.0,16.0,11.0,32.0,32.0,48.0,25.0,32.0,32.0,10.0,24.0
323,3,Fold3,>Q59111,25.0,5.0,31.0,15.0,12.0,27.0,7.0,20.0,26.0,22.0,9.0,9.0,15.0,9.0,11.0,11.0,18.0,27.0,6.0,15.0
324,3,Fold3,>P0A5L8,29.0,2.0,23.0,12.0,10.0,24.0,6.0,8.0,5.0,34.0,3.0,5.0,18.0,10.0,23.0,9.0,25.0,24.0,4.0,9.0
325,3,Fold3,>P24301,8.0,0.0,6.0,11.0,0.0,10.0,0.0,8.0,10.0,6.0,2.0,2.0,6.0,2.0,3.0,5.0,4.0,12.0,1.0,4.0
326,3,Fold3,>P47481,37.0,3.0,47.0,72.0,24.0,47.0,9.0,75.0,82.0,77.0,14.0,39.0,30.0,28.0,38.0,47.0,43.0,56.0,2.0,25.0
327,3,Fold3,>P71756,53.0,5.0,24.0,21.0,9.0,40.0,13.0,5.0,3.0,47.0,3.0,7.0,19.0,7.0,29.0,12.0,22.0,34.0,9.0,13.0
328,3,Fold3,>Q11010,125.0,4.0,63.0,65.0,33.0,52.0,17.0,28.0,26.0,82.0,8.0,17.0,36.0,36.0,54.0,42.0,59.0,63.0,20.0,27.0
329,3,Fold3,>Q04FF6,47.0,1.0,41.0,34.0,25.0,35.0,9.0,38.0,50.0,54.0,17.0,35.0,19.0,23.0,20.0,34.0,21.0,37.0,8.0,18.0
330,3,Fold3,>Q93PS3,72.0,6.0,30.0,35.0,24.0,43.0,12.0,41.0,31.0,37.0,18.0,24.0,39.0,20.0,27.0,19.0,31.0,48.0,7.0,20.0
331,3,Fold3,>O32885,39.0,1.0,27.0,39.0,6.0,24.0,8.0,15.0,11.0,36.0,7.0,8.0,11.0,15.0,36.0,23.0,21.0,32.0,5.0,10.0
332,3,Fold3,>Q45066,50.0,3.0,54.0,67.0,30.0,51.0,19.0,60.0,66.0,70.0,24.0,37.0,26.0,25.0,48.0,44.0,45.0,59.0,4.0,24.0
333,3,Fold3,>P00469,20.0,2.0,29.0,15.0,19.0,18.0,19.0,15.0,20.0,35.0,6.0,8.0,19.0,13.0,12.0,13.0,16.0,16.0,7.0,14.0
334,3,Fold3,>P54264,23.0,3.0,21.0,33.0,12.0,21.0,11.0,20.0,22.0,38.0,8.0,8.0,15.0,15.0,18.0,21.0,14.0,16.0,9.0,10.0
335,3,Fold3,>P16304,10.0,4.0,19.0,21.0,5.0,23.0,2.0,13.0,16.0,22.0,6.0,7.0,10.0,8.0,10.0,5.0,11.0,16.0,0.0,9.0
336,3,Fold3,>Q7A338,15.0,5.0,22.0,16.0,21.0,32.0,7.0,28.0,14.0,25.0,7.0,16.0,16.0,16.0,11.0,21.0,21.0,16.0,2.0,13.0
337,3,Fold3,>Q45588,14.0,3.0,10.0,16.0,9.0,14.0,11.0,11.0,19.0,12.0,8.0,12.0,8.0,6.0,5.0,11.0,11.0,21.0,4.0,3.0
338,3,Fold3,>P41019,39.0,3.0,24.0,28.0,10.0,27.0,8.0,22.0,19.0,34.0,9.0,12.0,14.0,6.0,23.0,30.0,19.0,28.0,2.0,10.0
339,3,Fold3,>P37487,34.0,3.0,19.0,33.0,8.0,13.0,4.0,22.0,26.0,33.0,5.0,19.0,7.0,11.0,7.0,13.0,16.0,29.0,0.0,7.0
340,3,Fold3,>P0A5P0,22.0,4.0,25.0,22.0,16.0,20.0,8.0,13.0,17.0,28.0,9.0,8.0,13.0,10.0,17.0,16.0,19.0,14.0,5.0,16.0
341,3,Fold3,>P46815,41.0,0.0,17.0,30.0,6.0,15.0,3.0,7.0,9.0,26.0,5.0,9.0,9.0,21.0,18.0,14.0,17.0,16.0,0.0,3.0
342,3,Fold3,>P11018,31.0,2.0,17.0,29.0,5.0,33.0,5.0,23.0,22.0,29.0,5.0,21.0,13.0,7.0,6.0,21.0,14.0,25.0,2.0,9.0
343,3,Fold3,>P59076,61.0,7.0,35.0,56.0,21.0,47.0,17.0,33.0,33.0,46.0,12.0,30.0,38.0,14.0,29.0,33.0,28.0,44.0,16.0,21.0
344,3,Fold3,>P13375,43.0,1.0,22.0,42.0,24.0,36.0,10.0,26.0,33.0,47.0,8.0,20.0,14.0,11.0,18.0,21.0,23.0,24.0,3.0,23.0
345,3,Fold3,>P75361,69.0,4.0,49.0,84.0,37.0,51.0,14.0,66.0,86.0,128.0,15.0,62.0,18.0,65.0,35.0,61.0,54.0,53.0,4.0,27.0
346,3,Fold3,>P34024,16.0,1.0,15.0,9.0,16.0,13.0,4.0,26.0,29.0,35.0,7.0,28.0,15.0,17.0,10.0,18.0,29.0,11.0,3.0,15.0
347,3,Fold3,>P0A5S6,36.0,4.0,21.0,22.0,8.0,29.0,7.0,12.0,6.0,33.0,5.0,7.0,13.0,3.0,27.0,13.0,15.0,40.0,4.0,2.0
348,3,Fold3,>O53077,10.0,0.0,9.0,6.0,2.0,6.0,0.0,8.0,9.0,9.0,3.0,2.0,1.0,4.0,2.0,5.0,7.0,12.0,1.0,1.0
349,3,Fold3,>A1R7K6,59.0,1.0,34.0,40.0,21.0,39.0,12.0,27.0,19.0,56.0,8.0,14.0,29.0,14.0,36.0,25.0,22.0,31.0,5.0,14.0
350,3,Fold3,>P46033,33.0,4.0,40.0,30.0,27.0,31.0,14.0,23.0,19.0,41.0,13.0,16.0,35.0,9.0,30.0,22.0,30.0,27.0,3.0,27.0
351,3,Fold3,>P53627,76.0,8.0,36.0,42.0,22.0,50.0,13.0,12.0,15.0,49.0,11.0,15.0,58.0,13.0,67.0,44.0,48.0,54.0,13.0,16.0
352,3,Fold3,>Q831U3,58.0,1.0,42.0,74.0,31.0,33.0,13.0,39.0,51.0,73.0,16.0,29.0,22.0,32.0,27.0,27.0,35.0,66.0,5.0,20.0
353,3,Fold3,>P37552,14.0,1.0,4.0,11.0,6.0,7.0,4.0,8.0,8.0,6.0,4.0,5.0,6.0,6.0,2.0,7.0,7.0,15.0,0.0,4.0
354,3,Fold3,>P22346,52.0,1.0,57.0,54.0,42.0,37.0,18.0,42.0,56.0,87.0,15.0,44.0,24.0,28.0,29.0,47.0,41.0,43.0,16.0,30.0
355,3,Fold3,>Q4A5X2,28.0,3.0,39.0,42.0,36.0,20.0,14.0,12.0,55.0,51.0,7.0,21.0,9.0,19.0,22.0,36.0,17.0,31.0,4.0,32.0
356,3,Fold3,>P0A512,44.0,4.0,34.0,34.0,24.0,33.0,17.0,25.0,13.0,39.0,16.0,9.0,24.0,16.0,39.0,21.0,17.0,27.0,4.0,11.0
357,3,Fold3,>O34559,31.0,5.0,23.0,27.0,13.0,28.0,9.0,15.0,26.0,40.0,12.0,13.0,11.0,13.0,18.0,19.0,21.0,13.0,11.0,25.0
358,3,Fold3,>Q97EB7,24.0,4.0,44.0,51.0,22.0,29.0,9.0,36.0,53.0,43.0,19.0,17.0,20.0,14.0,28.0,16.0,34.0,30.0,1.0,21.0
359,3,Fold3,>P45618,8.0,1.0,11.0,9.0,10.0,14.0,3.0,11.0,16.0,13.0,3.0,8.0,6.0,4.0,1.0,8.0,10.0,17.0,1.0,0.0
360,3,Fold3,>P21938,45.0,1.0,41.0,30.0,24.0,34.0,14.0,21.0,30.0,36.0,11.0,20.0,15.0,17.0,17.0,21.0,21.0,21.0,7.0,23.0
361,3,Fold3,>Q5FKI4,44.0,4.0,56.0,48.0,33.0,47.0,11.0,38.0,53.0,46.0,22.0,18.0,25.0,20.0,34.0,27.0,21.0,38.0,8.0,21.0
362,3,Fold3,>P39127,20.0,5.0,14.0,20.0,16.0,8.0,8.0,18.0,22.0,33.0,9.0,10.0,15.0,16.0,17.0,20.0,21.0,21.0,3.0,12.0
363,3,Fold3,>P34020,24.0,3.0,28.0,15.0,12.0,37.0,3.0,23.0,18.0,22.0,3.0,16.0,7.0,13.0,6.0,27.0,19.0,25.0,4.0,19.0
364,3,Fold3,>O31760,39.0,1.0,28.0,36.0,16.0,43.0,12.0,57.0,41.0,51.0,10.0,25.0,17.0,24.0,27.0,36.0,26.0,50.0,1.0,15.0
365,3,Fold3,>Q5HJF4,51.0,8.0,51.0,60.0,31.0,56.0,17.0,43.0,46.0,57.0,29.0,36.0,24.0,24.0,41.0,46.0,44.0,43.0,8.0,34.0
366,3,Fold3,>P26900,20.0,4.0,22.0,25.0,9.0,24.0,3.0,28.0,20.0,25.0,13.0,14.0,12.0,10.0,10.0,20.0,25.0,28.0,2.0,15.0
367,3,Fold3,>P81100,9.0,3.0,18.0,9.0,8.0,26.0,2.0,14.0,14.0,18.0,6.0,12.0,3.0,6.0,10.0,12.0,8.0,13.0,2.0,6.0
368,3,Fold3,>Q9RC92,35.0,3.0,34.0,25.0,14.0,38.0,8.0,18.0,10.0,33.0,3.0,12.0,11.0,11.0,35.0,21.0,18.0,15.0,13.0,20.0
369,3,Fold3,>P00343,34.0,0.0,26.0,17.0,10.0,23.0,6.0,31.0,25.0,24.0,7.0,15.0,12.0,10.0,9.0,20.0,17.0,26.0,3.0,11.0
370,3,Fold3,>P32396,24.0,1.0,21.0,34.0,10.0,19.0,9.0,18.0,21.0,23.0,8.0,7.0,18.0,12.0,12.0,15.0,14.0,22.0,4.0,18.0
371,3,Fold3,>P17893,8.0,2.0,13.0,9.0,2.0,8.0,3.0,13.0,12.0,16.0,8.0,8.0,5.0,6.0,7.0,7.0,10.0,8.0,1.0,3.0
372,3,Fold3,>Q9CJ45,19.0,2.0,18.0,20.0,8.0,18.0,1.0,18.0,14.0,29.0,10.0,14.0,8.0,6.0,14.0,12.0,20.0,21.0,1.0,9.0
373,3,Fold3,>Q9L4Q8,34.0,9.0,28.0,44.0,20.0,30.0,14.0,28.0,35.0,37.0,14.0,15.0,21.0,16.0,25.0,20.0,35.0,27.0,10.0,19.0
374,3,Fold3,>Q08352,49.0,1.0,17.0,26.0,5.0,38.0,8.0,25.0,21.0,33.0,9.0,15.0,19.0,12.0,11.0,12.0,24.0,41.0,1.0,11.0
375,3,Fold3,>Q83GS8,72.0,25.0,61.0,53.0,27.0,69.0,27.0,62.0,32.0,97.0,10.0,44.0,50.0,34.0,63.0,75.0,64.0,74.0,3.0,20.0
376,3,Fold3,>P0A574,53.0,4.0,23.0,13.0,12.0,36.0,4.0,20.0,7.0,23.0,10.0,10.0,17.0,10.0,20.0,18.0,22.0,24.0,3.0,6.0
377,3,Fold3,>Q97II1,34.0,2.0,21.0,27.0,13.0,35.0,6.0,29.0,34.0,29.0,8.0,20.0,9.0,7.0,10.0,19.0,14.0,25.0,0.0,14.0
378,3,Fold3,>Q53062,44.0,4.0,25.0,28.0,17.0,35.0,14.0,29.0,21.0,26.0,8.0,24.0,18.0,11.0,18.0,25.0,22.0,33.0,5.0,16.0
379,3,Fold3,>P12876,5.0,0.0,6.0,4.0,1.0,11.0,3.0,4.0,18.0,4.0,4.0,4.0,6.0,5.0,3.0,5.0,4.0,15.0,0.0,1.0
380,3,Fold3,>P06535,9.0,1.0,18.0,16.0,10.0,6.0,11.0,12.0,13.0,26.0,7.0,9.0,3.0,8.0,7.0,12.0,9.0,7.0,2.0,6.0
381,3,Fold3,>P29422,37.0,0.0,37.0,34.0,25.0,44.0,21.0,16.0,20.0,31.0,9.0,25.0,26.0,24.0,34.0,25.0,37.0,30.0,11.0,17.0
382,3,Fold3,>O32221,7.0,2.0,8.0,6.0,1.0,5.0,2.0,2.0,6.0,3.0,2.0,1.0,0.0,4.0,0.0,5.0,2.0,12.0,0.0,1.0
383,3,Fold3,>P11540,6.0,2.0,4.0,11.0,2.0,5.0,1.0,6.0,6.0,12.0,1.0,3.0,2.0,6.0,3.0,5.0,4.0,5.0,3.0,3.0
384,3,Fold3,>Q933K8,73.0,2.0,26.0,33.0,6.0,56.0,5.0,11.0,17.0,33.0,12.0,15.0,35.0,28.0,22.0,24.0,25.0,23.0,5.0,9.0
385,3,Fold3,>P0A0I7,9.0,5.0,18.0,19.0,13.0,6.0,8.0,25.0,18.0,18.0,7.0,16.0,5.0,7.0,13.0,16.0,11.0,14.0,0.0,10.0
386,3,Fold3,>P50849,52.0,3.0,40.0,77.0,23.0,59.0,11.0,58.0,53.0,58.0,19.0,18.0,25.0,28.0,36.0,42.0,32.0,62.0,1.0,8.0
387,3,Fold3,>P27580,52.0,1.0,21.0,34.0,10.0,30.0,5.0,19.0,7.0,43.0,11.0,9.0,18.0,17.0,37.0,24.0,26.0,29.0,4.0,6.0
388,3,Fold3,>Q97R46,36.0,1.0,21.0,34.0,14.0,45.0,14.0,40.0,25.0,27.0,8.0,34.0,12.0,12.0,15.0,24.0,38.0,47.0,0.0,12.0
389,3,Fold3,>Q46336,8.0,3.0,3.0,10.0,5.0,9.0,2.0,2.0,4.0,5.0,2.0,6.0,6.0,2.0,9.0,6.0,4.0,3.0,3.0,6.0
390,3,Fold3,>P22326,27.0,1.0,25.0,37.0,20.0,31.0,5.0,29.0,33.0,43.0,6.0,21.0,10.0,20.0,20.0,28.0,25.0,21.0,5.0,15.0
391,3,Fold3,>O07151,60.0,6.0,49.0,54.0,32.0,56.0,23.0,35.0,25.0,56.0,13.0,14.0,44.0,24.0,51.0,39.0,38.0,52.0,10.0,21.0
392,3,Fold3,>P40875,45.0,3.0,17.0,29.0,15.0,42.0,20.0,24.0,17.0,33.0,8.0,18.0,18.0,11.0,14.0,16.0,22.0,33.0,8.0,12.0
393,3,Fold3,>P23532,14.0,1.0,5.0,11.0,2.0,8.0,5.0,5.0,6.0,13.0,6.0,2.0,1.0,2.0,4.0,7.0,5.0,5.0,0.0,3.0
394,3,Fold3,>Q59331,31.0,4.0,26.0,27.0,12.0,32.0,9.0,40.0,37.0,30.0,12.0,20.0,12.0,5.0,10.0,29.0,18.0,29.0,0.0,17.0
395,3,Fold3,>P35154,11.0,0.0,14.0,35.0,8.0,5.0,6.0,21.0,21.0,32.0,9.0,6.0,9.0,11.0,13.0,13.0,12.0,14.0,0.0,11.0
396,3,Fold3,>P60611,19.0,0.0,14.0,19.0,10.0,11.0,7.0,28.0,19.0,20.0,8.0,21.0,7.0,12.0,8.0,6.0,16.0,10.0,1.0,10.0
397,3,Fold3,>Q03Q83,41.0,2.0,36.0,40.0,32.0,39.0,7.0,30.0,33.0,40.0,19.0,22.0,22.0,28.0,28.0,24.0,32.0,30.0,4.0,16.0
398,3,Fold3,>P29094,16.0,0.0,45.0,50.0,17.0,37.0,11.0,34.0,42.0,38.0,24.0,28.0,32.0,14.0,33.0,28.0,23.0,34.0,17.0,39.0
399,3,Fold3,>P39043,21.0,3.0,15.0,17.0,9.0,18.0,8.0,24.0,8.0,28.0,6.0,12.0,10.0,14.0,11.0,12.0,18.0,18.0,5.0,14.0
400,4,Fold4,>O33702,24.0,4.0,5.0,4.0,4.0,13.0,1.0,3.0,2.0,12.0,3.0,6.0,7.0,6.0,9.0,7.0,17.0,12.0,2.0,4.0
401,4,Fold4,>Q09T02,3.0,4.0,5.0,5.0,1.0,3.0,0.0,5.0,0.0,5.0,4.0,1.0,4.0,2.0,4.0,7.0,7.0,5.0,2.0,1.0
402,4,Fold4,>P43163,38.0,2.0,9.0,9.0,6.0,24.0,4.0,3.0,5.0,14.0,4.0,11.0,14.0,6.0,14.0,25.0,16.0,14.0,2.0,9.0
403,4,Fold4,>P29958,104.0,8.0,55.0,23.0,26.0,79.0,19.0,30.0,8.0,52.0,11.0,23.0,54.0,21.0,71.0,47.0,56.0,63.0,15.0,21.0
404,4,Fold4,>P45702,53.0,10.0,38.0,62.0,34.0,54.0,19.0,39.0,28.0,63.0,15.0,28.0,31.0,24.0,35.0,41.0,41.0,42.0,17.0,31.0
405,4,Fold4,>P0C1U8,24.0,0.0,23.0,16.0,11.0,25.0,10.0,16.0,21.0,15.0,5.0,47.0,29.0,17.0,3.0,18.0,25.0,22.0,2.0,7.0
406,4,Fold4,>P39597,34.0,5.0,27.0,21.0,21.0,40.0,6.0,18.0,38.0,35.0,11.0,17.0,20.0,24.0,15.0,28.0,26.0,15.0,5.0,10.0
407,4,Fold4,>P19571,33.0,0.0,33.0,22.0,22.0,50.0,19.0,23.0,26.0,29.0,13.0,46.0,16.0,15.0,25.0,28.0,33.0,37.0,21.0,27.0
408,4,Fold4,>P11001,143.0,0.0,137.0,65.0,63.0,135.0,19.0,50.0,122.0,93.0,27.0,109.0,30.0,93.0,43.0,106.0,124.0,115.0,25.0,98.0
409,4,Fold4,>Q03424,60.0,4.0,18.0,9.0,5.0,45.0,5.0,9.0,7.0,21.0,3.0,12.0,12.0,6.0,25.0,34.0,35.0,34.0,2.0,11.0
410,4,Fold4,>Q8RP81,49.0,2.0,29.0,41.0,15.0,48.0,4.0,33.0,23.0,29.0,10.0,18.0,11.0,11.0,20.0,19.0,26.0,29.0,3.0,18.0
411,4,Fold4,>P82594,37.0,5.0,16.0,20.0,10.0,27.0,15.0,12.0,9.0,21.0,6.0,11.0,24.0,6.0,26.0,14.0,25.0,18.0,11.0,15.0
412,4,Fold4,>P0A312,9.0,0.0,2.0,3.0,4.0,10.0,3.0,3.0,3.0,5.0,2.0,9.0,0.0,5.0,0.0,3.0,6.0,3.0,1.0,4.0
413,4,Fold4,>O34344,19.0,2.0,10.0,10.0,5.0,10.0,2.0,8.0,26.0,22.0,4.0,11.0,4.0,8.0,2.0,20.0,10.0,20.0,1.0,9.0
414,4,Fold4,>P80696,8.0,2.0,0.0,1.0,0.0,15.0,0.0,3.0,5.0,5.0,1.0,4.0,1.0,3.0,2.0,2.0,1.0,7.0,2.0,3.0
415,4,Fold4,>O87237,5.0,3.0,4.0,6.0,0.0,4.0,1.0,5.0,6.0,5.0,3.0,3.0,3.0,1.0,1.0,4.0,9.0,0.0,0.0,2.0
416,4,Fold4,>P81715,62.0,2.0,28.0,10.0,13.0,46.0,8.0,17.0,15.0,30.0,3.0,28.0,24.0,10.0,12.0,37.0,34.0,35.0,7.0,17.0
417,4,Fold4,>P09401,78.0,4.0,29.0,16.0,8.0,52.0,12.0,7.0,2.0,36.0,6.0,4.0,32.0,13.0,44.0,17.0,44.0,34.0,3.0,8.0
418,4,Fold4,>P82593,100.0,2.0,64.0,39.0,32.0,74.0,9.0,17.0,33.0,54.0,10.0,46.0,30.0,27.0,49.0,46.0,70.0,66.0,22.0,35.0
419,4,Fold4,>P15555,47.0,2.0,25.0,10.0,12.0,36.0,9.0,11.0,9.0,39.0,9.0,16.0,14.0,19.0,19.0,33.0,45.0,35.0,2.0,14.0
420,4,Fold4,>Q6E3K9,19.0,3.0,16.0,17.0,5.0,16.0,1.0,20.0,13.0,23.0,3.0,16.0,8.0,9.0,15.0,18.0,20.0,20.0,4.0,9.0
421,4,Fold4,>O31097,36.0,1.0,34.0,21.0,12.0,38.0,8.0,23.0,29.0,24.0,8.0,21.0,15.0,13.0,13.0,22.0,26.0,16.0,3.0,20.0
422,4,Fold4,>P10547,47.0,0.0,8.0,51.0,8.0,38.0,10.0,16.0,37.0,16.0,9.0,35.0,27.0,12.0,9.0,39.0,56.0,48.0,8.0,19.0
423,4,Fold4,>Q05622,19.0,2.0,23.0,28.0,7.0,8.0,5.0,34.0,17.0,19.0,9.0,25.0,13.0,3.0,8.0,37.0,26.0,17.0,1.0,19.0
424,4,Fold4,>P15698,21.0,4.0,32.0,14.0,10.0,34.0,3.0,32.0,27.0,24.0,13.0,38.0,10.0,8.0,13.0,41.0,31.0,20.0,9.0,20.0
425,4,Fold4,>Q04707,57.0,0.0,34.0,35.0,17.0,44.0,9.0,35.0,35.0,53.0,18.0,58.0,34.0,42.0,22.0,69.0,63.0,38.0,8.0,48.0
426,4,Fold4,>Q45882,13.0,6.0,41.0,29.0,35.0,26.0,12.0,63.0,40.0,47.0,11.0,74.0,21.0,14.0,14.0,54.0,40.0,22.0,6.0,45.0
427,4,Fold4,>Q8GJ44,37.0,3.0,29.0,23.0,23.0,71.0,5.0,51.0,17.0,27.0,10.0,47.0,28.0,20.0,24.0,70.0,68.0,49.0,10.0,39.0
428,4,Fold4,>Q93M42,37.0,3.0,51.0,47.0,35.0,45.0,27.0,33.0,43.0,81.0,15.0,45.0,27.0,40.0,31.0,54.0,50.0,44.0,11.0,40.0
429,4,Fold4,>P38578,5.0,2.0,2.0,2.0,0.0,15.0,0.0,4.0,6.0,6.0,4.0,4.0,2.0,3.0,0.0,7.0,2.0,5.0,1.0,1.0
430,4,Fold4,>P0A4L0,42.0,1.0,33.0,43.0,16.0,27.0,5.0,37.0,60.0,33.0,8.0,50.0,21.0,12.0,17.0,47.0,48.0,42.0,7.0,22.0
431,4,Fold4,>P00691,57.0,1.0,44.0,25.0,25.0,53.0,17.0,35.0,33.0,44.0,11.0,56.0,25.0,29.0,25.0,58.0,47.0,33.0,14.0,28.0
432,4,Fold4,>P22222,64.0,9.0,35.0,10.0,13.0,64.0,10.0,15.0,16.0,39.0,5.0,24.0,37.0,30.0,29.0,33.0,42.0,40.0,15.0,18.0
433,4,Fold4,>Q46134,20.0,2.0,12.0,12.0,12.0,18.0,0.0,20.0,23.0,20.0,3.0,17.0,11.0,9.0,16.0,16.0,16.0,13.0,1.0,9.0
434,4,Fold4,>P30234,58.0,5.0,19.0,18.0,9.0,37.0,10.0,15.0,11.0,37.0,8.0,9.0,18.0,9.0,19.0,16.0,28.0,33.0,2.0,10.0
435,4,Fold4,>P26831,101.0,3.0,128.0,147.0,57.0,113.0,19.0,118.0,107.0,127.0,25.0,150.0,47.0,42.0,47.0,109.0,94.0,102.0,25.0,67.0
436,4,Fold4,>P0A564,17.0,0.0,2.0,7.0,2.0,10.0,1.0,4.0,3.0,7.0,3.0,6.0,0.0,9.0,1.0,8.0,8.0,3.0,3.0,1.0
437,4,Fold4,>P80172,31.0,0.0,26.0,24.0,8.0,25.0,4.0,25.0,33.0,40.0,7.0,25.0,8.0,20.0,10.0,16.0,29.0,27.0,3.0,14.0
438,4,Fold4,>Q08002,27.0,0.0,30.0,30.0,18.0,20.0,13.0,20.0,45.0,33.0,12.0,39.0,18.0,15.0,11.0,33.0,28.0,25.0,3.0,18.0
439,4,Fold4,>P0C046,9.0,0.0,4.0,10.0,5.0,5.0,0.0,6.0,5.0,8.0,3.0,4.0,2.0,17.0,4.0,9.0,2.0,2.0,1.0,1.0
440,4,Fold4,>Q5YLG1,62.0,3.0,39.0,42.0,32.0,44.0,15.0,25.0,35.0,51.0,11.0,36.0,25.0,29.0,30.0,42.0,42.0,38.0,20.0,38.0
441,4,Fold4,>P0A5Q2,23.0,0.0,6.0,5.0,3.0,14.0,0.0,11.0,6.0,9.0,6.0,5.0,10.0,6.0,3.0,9.0,18.0,17.0,4.0,4.0
442,4,Fold4,>P11701,69.0,1.0,55.0,41.0,23.0,54.0,11.0,34.0,56.0,48.0,14.0,60.0,26.0,40.0,19.0,61.0,78.0,57.0,14.0,34.0
443,4,Fold4,>Q2FWV6,11.0,0.0,4.0,9.0,1.0,3.0,0.0,7.0,16.0,17.0,3.0,9.0,2.0,4.0,2.0,11.0,7.0,3.0,0.0,7.0
444,4,Fold4,>P22629,31.0,0.0,8.0,5.0,2.0,18.0,2.0,7.0,9.0,9.0,1.0,10.0,4.0,6.0,5.0,18.0,22.0,14.0,6.0,6.0
445,4,Fold4,>P07883,24.0,2.0,20.0,14.0,13.0,29.0,11.0,10.0,6.0,25.0,4.0,18.0,17.0,11.0,27.0,21.0,12.0,18.0,10.0,17.0
446,4,Fold4,>P40943,33.0,0.0,30.0,23.0,15.0,22.0,9.0,27.0,39.0,29.0,10.0,24.0,23.0,19.0,16.0,13.0,16.0,29.0,9.0,21.0
447,4,Fold4,>P09879,17.0,0.0,16.0,10.0,5.0,5.0,3.0,15.0,20.0,19.0,2.0,18.0,6.0,19.0,7.0,12.0,21.0,25.0,1.0,5.0
448,4,Fold4,>P39790,22.0,5.0,11.0,8.0,9.0,30.0,3.0,11.0,16.0,14.0,3.0,19.0,15.0,13.0,10.0,36.0,42.0,18.0,6.0,22.0
449,4,Fold4,>P0C0J0,33.0,1.0,19.0,17.0,17.0,44.0,7.0,22.0,29.0,26.0,7.0,31.0,14.0,19.0,11.0,36.0,15.0,26.0,4.0,20.0
450,4,Fold4,>P68802,6.0,0.0,8.0,15.0,10.0,9.0,2.0,8.0,21.0,16.0,2.0,6.0,9.0,0.0,2.0,13.0,12.0,14.0,1.0,9.0
451,4,Fold4,>P08954,12.0,1.0,20.0,20.0,16.0,17.0,7.0,27.0,27.0,24.0,8.0,28.0,13.0,11.0,10.0,24.0,21.0,18.0,7.0,18.0
452,4,Fold4,>A5HZZ9,54.0,9.0,78.0,76.0,70.0,64.0,12.0,119.0,103.0,113.0,24.0,138.0,38.0,39.0,43.0,84.0,71.0,72.0,15.0,74.0
453,4,Fold4,>P20910,61.0,8.0,31.0,12.0,11.0,54.0,9.0,16.0,18.0,34.0,10.0,23.0,36.0,16.0,37.0,49.0,62.0,31.0,17.0,15.0
454,4,Fold4,>A6QG59,14.0,0.0,6.0,10.0,8.0,7.0,4.0,11.0,23.0,11.0,2.0,11.0,6.0,8.0,6.0,8.0,13.0,10.0,0.0,7.0
455,4,Fold4,>P96501,19.0,0.0,21.0,21.0,8.0,17.0,2.0,17.0,17.0,25.0,7.0,24.0,6.0,21.0,10.0,32.0,20.0,23.0,1.0,7.0
456,4,Fold4,>P04957,16.0,2.0,13.0,7.0,14.0,24.0,4.0,7.0,13.0,17.0,8.0,20.0,10.0,7.0,6.0,13.0,23.0,13.0,8.0,17.0
457,4,Fold4,>Q8VL79,1.0,1.0,4.0,3.0,2.0,3.0,0.0,7.0,9.0,6.0,4.0,3.0,3.0,3.0,0.0,3.0,2.0,2.0,1.0,1.0
458,4,Fold4,>O33635,103.0,0.0,64.0,40.0,30.0,86.0,17.0,53.0,127.0,72.0,11.0,125.0,49.0,102.0,24.0,100.0,145.0,82.0,18.0,87.0
459,4,Fold4,>Q44052,80.0,2.0,47.0,19.0,22.0,67.0,12.0,21.0,21.0,47.0,15.0,40.0,32.0,15.0,36.0,35.0,45.0,36.0,24.0,25.0
460,4,Fold4,>P02968,39.0,0.0,22.0,17.0,5.0,19.0,4.0,22.0,15.0,29.0,8.0,27.0,2.0,24.0,14.0,24.0,18.0,14.0,0.0,1.0
461,4,Fold4,>Q45070,37.0,2.0,18.0,16.0,18.0,27.0,11.0,20.0,21.0,25.0,12.0,39.0,20.0,18.0,18.0,30.0,24.0,36.0,12.0,18.0
462,4,Fold4,>P0A5P8,31.0,0.0,6.0,4.0,4.0,17.0,2.0,6.0,7.0,15.0,6.0,7.0,12.0,7.0,2.0,16.0,9.0,15.0,1.0,1.0
463,4,Fold4,>P29767,57.0,4.0,66.0,72.0,29.0,100.0,7.0,80.0,58.0,74.0,12.0,85.0,32.0,23.0,36.0,81.0,83.0,61.0,10.0,44.0
464,4,Fold4,>P0C0I6,6.0,4.0,17.0,13.0,10.0,7.0,5.0,19.0,26.0,16.0,5.0,19.0,6.0,8.0,7.0,23.0,10.0,18.0,2.0,15.0
465,4,Fold4,>P22266,43.0,7.0,31.0,17.0,13.0,36.0,3.0,12.0,18.0,35.0,3.0,10.0,23.0,19.0,15.0,13.0,19.0,18.0,4.0,6.0
466,4,Fold4,>P60158,37.0,0.0,8.0,4.0,6.0,23.0,7.0,7.0,6.0,8.0,4.0,20.0,5.0,16.0,3.0,27.0,20.0,16.0,5.0,11.0
467,4,Fold4,>P25959,5.0,1.0,3.0,11.0,6.0,7.0,2.0,9.0,8.0,14.0,2.0,4.0,1.0,9.0,9.0,7.0,8.0,10.0,1.0,7.0
468,4,Fold4,>A6QIG7,9.0,0.0,2.0,14.0,8.0,9.0,3.0,4.0,23.0,15.0,4.0,10.0,5.0,1.0,3.0,10.0,14.0,5.0,0.0,10.0
469,4,Fold4,>P17670,29.0,0.0,13.0,9.0,11.0,15.0,11.0,8.0,13.0,22.0,2.0,13.0,6.0,8.0,3.0,8.0,10.0,11.0,8.0,7.0
470,4,Fold4,>P22637,53.0,1.0,30.0,19.0,23.0,63.0,4.0,26.0,31.0,35.0,16.0,30.0,23.0,19.0,28.0,38.0,43.0,42.0,9.0,19.0
471,4,Fold4,>P37957,16.0,0.0,9.0,3.0,6.0,24.0,5.0,13.0,14.0,21.0,6.0,17.0,5.0,7.0,7.0,16.0,12.0,20.0,2.0,9.0
472,4,Fold4,>Q6TYB1,18.0,0.0,20.0,17.0,16.0,10.0,10.0,21.0,39.0,29.0,6.0,22.0,10.0,9.0,6.0,19.0,13.0,7.0,4.0,13.0
473,4,Fold4,>P09616,14.0,0.0,26.0,11.0,10.0,24.0,4.0,19.0,29.0,19.0,9.0,25.0,10.0,10.0,11.0,25.0,31.0,20.0,8.0,14.0
474,4,Fold4,>P34020,24.0,3.0,28.0,15.0,12.0,37.0,3.0,23.0,18.0,22.0,3.0,16.0,7.0,13.0,6.0,27.0,19.0,25.0,4.0,19.0
475,4,Fold4,>Q9KWM4,2.0,3.0,3.0,7.0,3.0,2.0,2.0,2.0,5.0,4.0,3.0,4.0,1.0,2.0,0.0,5.0,2.0,7.0,0.0,0.0
476,4,Fold4,>P00644,21.0,2.0,10.0,14.0,7.0,15.0,4.0,10.0,25.0,20.0,8.0,10.0,7.0,8.0,7.0,19.0,15.0,18.0,1.0,10.0
477,4,Fold4,>P10424,31.0,1.0,20.0,19.0,8.0,24.0,5.0,23.0,30.0,22.0,7.0,15.0,9.0,9.0,13.0,14.0,26.0,18.0,3.0,9.0
478,4,Fold4,>P0A668,33.0,2.0,6.0,3.0,3.0,16.0,1.0,4.0,5.0,17.0,4.0,13.0,13.0,9.0,1.0,17.0,20.0,22.0,0.0,4.0
479,4,Fold4,>P0A618,30.0,2.0,8.0,3.0,12.0,10.0,0.0,5.0,3.0,13.0,4.0,10.0,11.0,6.0,7.0,12.0,12.0,17.0,5.0,3.0
480,4,Fold4,>Q03091,25.0,1.0,21.0,16.0,8.0,26.0,8.0,11.0,18.0,20.0,5.0,18.0,17.0,6.0,12.0,23.0,17.0,14.0,9.0,14.0
481,4,Fold4,>P85147,10.0,3.0,0.0,3.0,2.0,15.0,1.0,1.0,4.0,1.0,1.0,4.0,1.0,0.0,2.0,4.0,1.0,4.0,3.0,2.0
482,4,Fold4,>P29141,81.0,0.0,46.0,49.0,21.0,79.0,8.0,39.0,74.0,46.0,15.0,41.0,35.0,20.0,14.0,63.0,64.0,72.0,7.0,32.0
483,4,Fold4,>P0A566,17.0,0.0,5.0,9.0,3.0,8.0,0.0,4.0,4.0,5.0,3.0,3.0,0.0,15.0,5.0,7.0,6.0,4.0,1.0,1.0
484,4,Fold4,>Q9KJT6,28.0,1.0,6.0,4.0,3.0,24.0,7.0,9.0,5.0,4.0,2.0,39.0,6.0,10.0,7.0,32.0,23.0,13.0,4.0,30.0
485,4,Fold4,>Q48919,68.0,0.0,15.0,10.0,4.0,35.0,3.0,10.0,8.0,13.0,6.0,17.0,77.0,14.0,18.0,23.0,25.0,23.0,6.0,6.0
486,4,Fold4,>O34310,13.0,1.0,14.0,9.0,14.0,21.0,4.0,15.0,20.0,7.0,5.0,15.0,4.0,12.0,6.0,12.0,20.0,23.0,2.0,4.0
487,4,Fold4,>P39046,58.0,2.0,15.0,19.0,16.0,70.0,5.0,42.0,46.0,23.0,10.0,68.0,19.0,30.0,11.0,77.0,74.0,37.0,15.0,29.0
488,4,Fold4,>P42983,12.0,3.0,11.0,7.0,3.0,14.0,2.0,7.0,6.0,9.0,5.0,2.0,9.0,5.0,9.0,9.0,5.0,9.0,3.0,6.0
489,4,Fold4,>P0C2S1,62.0,11.0,67.0,49.0,33.0,79.0,18.0,46.0,52.0,60.0,21.0,52.0,60.0,29.0,33.0,39.0,59.0,48.0,24.0,53.0
490,4,Fold4,>A5H1G9,14.0,0.0,4.0,1.0,2.0,6.0,0.0,12.0,5.0,6.0,1.0,2.0,0.0,1.0,1.0,7.0,4.0,7.0,1.0,2.0
491,4,Fold4,>P01552,7.0,2.0,24.0,12.0,14.0,9.0,6.0,14.0,34.0,21.0,9.0,21.0,7.0,8.0,6.0,16.0,14.0,19.0,1.0,22.0
492,4,Fold4,>Q53728,71.0,9.0,47.0,16.0,5.0,46.0,14.0,19.0,25.0,53.0,6.0,18.0,39.0,14.0,30.0,45.0,37.0,36.0,11.0,15.0
493,4,Fold4,>P35804,28.0,4.0,9.0,4.0,9.0,27.0,3.0,4.0,6.0,14.0,5.0,3.0,4.0,10.0,9.0,16.0,18.0,17.0,3.0,8.0
494,4,Fold4,>P39045,83.0,2.0,36.0,43.0,9.0,65.0,7.0,10.0,6.0,53.0,10.0,12.0,29.0,12.0,25.0,36.0,34.0,50.0,8.0,8.0
495,4,Fold4,>P21543,94.0,4.0,83.0,36.0,50.0,124.0,23.0,58.0,75.0,73.0,20.0,104.0,49.0,40.0,28.0,99.0,88.0,54.0,26.0,68.0
496,4,Fold4,>A9Q0M7,3.0,2.0,0.0,3.0,2.0,10.0,1.0,6.0,7.0,4.0,2.0,10.0,0.0,1.0,1.0,4.0,6.0,3.0,3.0,2.0
497,4,Fold4,>Q53591,52.0,0.0,67.0,49.0,37.0,51.0,18.0,61.0,93.0,71.0,23.0,91.0,25.0,40.0,28.0,78.0,93.0,50.0,16.0,41.0
498,4,Fold4,>P16397,136.0,0.0,98.0,98.0,36.0,128.0,17.0,57.0,137.0,82.0,24.0,81.0,74.0,43.0,21.0,107.0,107.0,107.0,25.0,55.0
499,4,Fold4,>Q9K6W0,39.0,0.0,32.0,36.0,20.0,30.0,3.0,35.0,20.0,44.0,12.0,35.0,10.0,34.0,36.0,54.0,46.0,27.0,3.0,16.0
500,4,Fold4,>Q2FZL3,26.0,3.0,28.0,25.0,13.0,18.0,6.0,24.0,41.0,30.0,9.0,34.0,13.0,23.0,6.0,30.0,18.0,23.0,4.0,19.0
501,4,Fold4,>P16169,17.0,8.0,24.0,28.0,20.0,22.0,9.0,29.0,21.0,19.0,3.0,17.0,8.0,6.0,18.0,19.0,23.0,23.0,7.0,15.0
502,4,Fold4,>Q0TV31,33.0,3.0,35.0,23.0,15.0,26.0,9.0,24.0,40.0,19.0,9.0,26.0,9.0,10.0,10.0,27.0,27.0,15.0,11.0,27.0
503,4,Fold4,>P45741,38.0,1.0,31.0,18.0,14.0,27.0,5.0,19.0,21.0,46.0,11.0,11.0,29.0,24.0,15.0,30.0,12.0,31.0,4.0,22.0
504,4,Fold4,>P39652,53.0,4.0,31.0,40.0,23.0,48.0,16.0,24.0,30.0,31.0,16.0,46.0,30.0,25.0,24.0,54.0,45.0,50.0,17.0,33.0
505,4,Fold4,>P43131,33.0,0.0,17.0,30.0,8.0,25.0,3.0,15.0,28.0,26.0,10.0,12.0,14.0,12.0,7.0,15.0,24.0,38.0,1.0,8.0
506,4,Fold4,>Q9RLV9,20.0,1.0,20.0,15.0,21.0,22.0,15.0,24.0,25.0,19.0,9.0,24.0,16.0,13.0,10.0,22.0,19.0,16.0,7.0,17.0
507,4,Fold4,>P10335,52.0,0.0,41.0,32.0,18.0,52.0,26.0,32.0,56.0,36.0,13.0,52.0,32.0,48.0,26.0,52.0,54.0,38.0,7.0,23.0
508,4,Fold4,>Q2QBT0,2.0,5.0,2.0,2.0,2.0,5.0,1.0,4.0,5.0,5.0,2.0,5.0,3.0,0.0,1.0,5.0,6.0,0.0,0.0,0.0
509,4,Fold4,>O87236,3.0,4.0,4.0,6.0,3.0,3.0,1.0,1.0,2.0,3.0,2.0,6.0,1.0,2.0,0.0,4.0,6.0,3.0,4.0,1.0
510,4,Fold4,>Q44856,11.0,2.0,7.0,9.0,5.0,6.0,0.0,4.0,6.0,12.0,3.0,0.0,3.0,5.0,8.0,9.0,10.0,11.0,4.0,3.0
511,4,Fold4,>P33673,26.0,3.0,21.0,13.0,15.0,26.0,3.0,12.0,27.0,24.0,10.0,21.0,10.0,10.0,13.0,21.0,20.0,11.0,6.0,9.0
512,4,Fold4,>P00649,18.0,0.0,9.0,5.0,8.0,10.0,2.0,12.0,7.0,12.0,2.0,7.0,5.0,5.0,10.0,14.0,16.0,9.0,3.0,8.0
513,4,Fold4,>P39116,31.0,1.0,30.0,7.0,9.0,42.0,11.0,25.0,28.0,22.0,5.0,36.0,15.0,16.0,11.0,47.0,31.0,21.0,7.0,25.0
514,4,Fold4,>P0A5P2,12.0,0.0,5.0,3.0,4.0,8.0,3.0,4.0,1.0,17.0,1.0,1.0,8.0,0.0,12.0,7.0,10.0,12.0,3.0,1.0
515,4,Fold4,>P0C047,12.0,1.0,9.0,6.0,2.0,8.0,1.0,6.0,13.0,9.0,3.0,4.0,2.0,12.0,1.0,3.0,3.0,5.0,1.0,3.0
516,4,Fold4,>P0C1D7,72.0,2.0,36.0,42.0,26.0,76.0,8.0,39.0,23.0,34.0,13.0,28.0,30.0,26.0,28.0,49.0,44.0,37.0,20.0,24.0
517,4,Fold4,>Q9LAB5,15.0,1.0,7.0,6.0,7.0,12.0,2.0,12.0,25.0,9.0,1.0,17.0,3.0,7.0,1.0,8.0,15.0,16.0,1.0,10.0
518,4,Fold4,>P0A5Q4,24.0,4.0,12.0,8.0,8.0,12.0,1.0,13.0,9.0,17.0,4.0,10.0,19.0,16.0,6.0,14.0,21.0,16.0,2.0,12.0
519,4,Fold4,>P06886,7.0,0.0,15.0,11.0,10.0,12.0,5.0,20.0,25.0,21.0,4.0,14.0,13.0,7.0,4.0,24.0,24.0,7.0,2.0,9.0
520,4,Fold4,>P29148,59.0,1.0,45.0,29.0,14.0,52.0,11.0,29.0,32.0,39.0,4.0,31.0,18.0,20.0,18.0,64.0,41.0,41.0,6.0,36.0
521,4,Fold4,>P15917,35.0,1.0,55.0,79.0,29.0,35.0,21.0,74.0,86.0,80.0,10.0,54.0,21.0,41.0,27.0,53.0,28.0,40.0,5.0,35.0
522,4,Fold4,>P54422,43.0,1.0,42.0,33.0,20.0,54.0,9.0,36.0,49.0,48.0,16.0,22.0,33.0,22.0,16.0,37.0,40.0,38.0,6.0,22.0
